AlternariaLeafSpot,1993,1,,31.4,9.4,78.6,23.4,0.0,2.3,10.7,5.6
AlternariaLeafSpot,1993,2,,32.3,10.9,72.7,21.7,0.0,2.8,10.6,5.8
AlternariaLeafSpot,1993,3,,31.0,10.6,71.9,24.3,0.0,3.3,10.4,5.3
AlternariaLeafSpot,1993,4,,31.1,9.0,71.4,16.4,0.0,3.2,10.8,5.2
AlternariaLeafSpot,1993,5,,31.3,9.5,65.4,20.9,0.0,4,10.6,6.4
AlternariaLeafSpot,1993,6,,31.8,8.7,63.6,15.9,0.0,3.9,11,6.6
AlternariaLeafSpot,1993,7,,34.6,13.4,53.1,13.1,0.0,3.7,11,6.6
AlternariaLeafSpot,1993,8,,32.0,8.7,48.6,8.9,0.0,5.2,11,6.2
AlternariaLeafSpot,1993,9,,33.1,16.3,68.9,29.1,0.0,6.6,9.5,6.5
AlternariaLeafSpot,1993,10,,34.8,16.1,71.7,23.6,8.2,4.8,10.2,6.1
AlternariaLeafSpot,1993,11,,36.4,16.0,48.6,13.4,0.0,4.3,11.1,7.4
AlternariaLeafSpot,1993,12,,38.5,15.9,37.3,12.1,0.0,4.9,11,8.2
AlternariaLeafSpot,1993,13,,36.6,18.0,35.9,13.7,0.0,7,11.6,8.4
AlternariaLeafSpot,1993,14,,39.1,20.5,28.3,16.1,0.0,5.7,11.2,8.7
AlternariaLeafSpot,1993,15,,39.3,20.8,42.1,21.3,0.0,6.8,11.6,9
AlternariaLeafSpot,1993,16,,41.3,22.8,31.0,11.6,0.0,5.3,11.6,11
AlternariaLeafSpot,1993,17,,42.1,26.0,34.4,15.0,0.0,6.6,9.9,10.7
AlternariaLeafSpot,1993,18,,43.5,26.2,29.4,14.3,0.0,8.3,11.8,10.9
AlternariaLeafSpot,1993,19,,43.2,24.3,37.3,18.6,0.0,9.1,11,12.9
AlternariaLeafSpot,1993,20,,42.4,24.2,41.0,22.1,0.0,7.5,10.4,14
AlternariaLeafSpot,1993,21,,41.7,26.2,41.3,22.7,0.0,10.2,9.2,11.9
AlternariaLeafSpot,1993,22,,41.5,24.5,59.7,22.0,7.0,13.9,10.6,15
AlternariaLeafSpot,1993,23,,42.3,26.1,50.0,27.4,0.0,6.7,10.3,13
AlternariaLeafSpot,1993,24,,37.1,22.3,69.9,42.6,46.4,11.6,8.5,10.1
AlternariaLeafSpot,1993,25,,35.1,21.6,77.0,47.0,77.0,11.6,8.4,7.1
AlternariaLeafSpot,1993,26,,35.8,21.6,77.6,44.0,52.5,10.2,6.3,7.6
AlternariaLeafSpot,1993,27,,33.0,21.6,82.7,57.4,20.4,8.1,5.2,4.1
AlternariaLeafSpot,1993,28,,31.6,21.2,84.9,63.7,60.0,11.8,1.5,5.5
AlternariaLeafSpot,1993,29,,32.0,20.1,78.9,51.4,2.0,8,9,4.8
AlternariaLeafSpot,1993,30,,32.5,20.8,80.0,60.1,31.2,12.3,4.3,5.9
AlternariaLeafSpot,1993,31,,28.7,20.7,89.9,76.0,181.2,9.4,1.2,3.6
AlternariaLeafSpot,1993,32,,30.9,20.5,87.6,58.0,11.8,7.7,6.4,5.7
AlternariaLeafSpot,1993,33,8.12,31.2,20.7,88.3,58.4,22.6,8.4,5.4,5.1
AlternariaLeafSpot,1993,34,15.89,30.9,20.6,84.4,60.0,19.2,7.7,7.9,5.3
AlternariaLeafSpot,1993,35,22.79,31.3,21.2,90.0,67.7,42.7,5.8,3.5,4.4
AlternariaLeafSpot,1993,36,26.57,31.3,20.8,87.6,58.7,22.8,11.3,9.4,5.7
AlternariaLeafSpot,1993,37,26.57,33.4,20.6,80.7,47.6,0.0,6.5,8.2,6.7
AlternariaLeafSpot,1993,38,32.92,32.0,20.7,87.6,63.6,34.9,6.2,6.2,4
AlternariaLeafSpot,1993,39,26.57,30.4,20.5,86.1,65.6,56.4,5.4,6.8,4.1
AlternariaLeafSpot,1993,40,22.79,34.4,19.9,77.4,39.1,0.2,4.1,9.6,6.3
AlternariaLeafSpot,1993,41,15.89,32.4,20.8,85.9,55.4,9.3,5.3,7.5,5.3
AlternariaLeafSpot,1993,42,30,32.0,20.9,87.4,60.4,22.4,4.2,8,5.2
AlternariaLeafSpot,1993,43,30,32.7,20.1,77.1,40.0,0.0,2.5,9.7,5.3
AlternariaLeafSpot,1993,44,,31.6,14.2,74.1,26.1,0.0,4.9,10.5,6.2
AlternariaLeafSpot,1993,45,,31.8,11.4,65.9,25.7,0.0,5.7,9.5,6.3
AlternariaLeafSpot,1993,46,,31.8,12.2,66.4,32.1,0.0,3.6,10.5,5.7
AlternariaLeafSpot,1993,47,,31.6,14.9,75.9,35.4,10.2,2.9,9.5,5.1
AlternariaLeafSpot,1993,48,,30.3,6.5,75.3,17.6,0.0,3.8,10.5,4.4
AlternariaLeafSpot,1993,49,,26.1,8.5,75.6,50.1,54.3,5.2,4.8,3.7
AlternariaLeafSpot,1993,50,,28.9,8.4,85.6,26.6,0.0,3,10.7,5.1
AlternariaLeafSpot,1993,51,,27.5,6.1,82.4,24.7,0.0,3,10.4,4.5
AlternariaLeafSpot,1993,52,,27.6,7.5,81.8,33.1,0.0,3.2,8.5,4.4
AlternariaLeafSpot,1994,1,,29.5,8.8,79.3,29.9,0.0,2.8,10,4.8
AlternariaLeafSpot,1994,2,,29.1,9.7,72.7,34.1,0.0,3.5,7.4,4.5
AlternariaLeafSpot,1994,3,,28.8,10.5,72.6,36.4,9.4,5.1,9.5,4.3
AlternariaLeafSpot,1994,4,,31.3,13.0,81.9,32.9,0.0,3.5,10.5,5.6
AlternariaLeafSpot,1994,5,,30.6,8.5,68.7,25.3,0.0,4.1,10.8,6.3
AlternariaLeafSpot,1994,6,,31.9,11.9,64.1,27.4,2.8,4.7,10.5,6.1
AlternariaLeafSpot,1994,7,,33.3,13.6,59.1,25.4,0.0,4.5,10.7,6.7
AlternariaLeafSpot,1994,8,,32.9,11.9,54.9,22.0,0.0,4.6,11.4,6.5
AlternariaLeafSpot,1994,9,,34.9,13.1,54.6,15.6,0.0,3.7,11.3,7.7
AlternariaLeafSpot,1994,10,,37.0,17.0,46.0,20.9,0.0,4.2,10.9,7.7
AlternariaLeafSpot,1994,11,,39.8,17.9,45.9,18.3,0.0,3.9,11.3,8.4
AlternariaLeafSpot,1994,12,,40.4,16.9,41.3,11.7,0.0,4.6,11.4,9.6
AlternariaLeafSpot,1994,13,,40.4,18.1,39.9,14.7,0.0,4.3,10.9,10.1
AlternariaLeafSpot,1994,14,,37.8,19.4,47.0,19.7,0.3,6,9.1,10.3
AlternariaLeafSpot,1994,15,,33.3,17.6,74.9,34.9,13.0,6.1,8.5,5.5
AlternariaLeafSpot,1994,16,,39.4,21.1,40.4,13.3,0.0,6.8,11.4,9.6
AlternariaLeafSpot,1994,17,,40.2,21.0,40.1,14.7,0.0,6.7,11.4,11
AlternariaLeafSpot,1994,18,,40.6,21.7,39.3,15.9,0.0,7.3,11.4,12.1
AlternariaLeafSpot,1994,19,,41.4,23.8,42.9,17.0,0.0,10.5,11.3,13.4
AlternariaLeafSpot,1994,20,,43.3,24.0,42.4,18.0,0.0,7.6,11.8,14.4
AlternariaLeafSpot,1994,21,,43.8,26.4,46.9,16.0,0.0,10.1,10.7,15.5
AlternariaLeafSpot,1994,22,,42.2,24.2,61.4,22.6,8.4,9.6,10.4,9.8
AlternariaLeafSpot,1994,23,,39.8,23.8,66.0,34.1,46.2,9.4,9.5,11.8
AlternariaLeafSpot,1994,24,,32.4,20.8,82.4,55.7,14.0,9.7,4,5.2
AlternariaLeafSpot,1994,25,,31.9,21.2,71.1,49.7,6.0,11.5,1.7,5.6
AlternariaLeafSpot,1994,26,,32.6,21.3,81.4,48.7,35.9,10.8,4.2,4.5
AlternariaLeafSpot,1994,27,,31.2,21.2,82.7,58.9,40.6,9,4.4,5.1
AlternariaLeafSpot,1994,28,,29.2,20.3,88.9,71.9,32.5,11.2,1.7,4
AlternariaLeafSpot,1994,29,,30.3,20.6,82.4,63.4,34.9,10,2.7,4.5
AlternariaLeafSpot,1994,30,,30.4,20.8,83.6,63.6,39.0,8.2,3.6,5.3
AlternariaLeafSpot,1994,31,,29.8,19.9,84.7,63.9,6.0,8.5,1.8,5.1
AlternariaLeafSpot,1994,32,,31.1,20.8,79.6,59.4,26.4,9,2.1,5.1
AlternariaLeafSpot,1994,33,,30.8,20.2,84.3,58.3,31.6,8.7,4,4.8
AlternariaLeafSpot,1994,34,,31.1,20.6,85.9,60.6,111.1,6.2,3.9,4.8
AlternariaLeafSpot,1994,35,,28.9,19.9,89.6,69.0,39.6,7.8,2.7,3.4
AlternariaLeafSpot,1994,36,10.92,29.9,19.5,85.4,62.1,76.0,7.1,2.6,4.2
AlternariaLeafSpot,1994,37,15.89,31.1,20.1,85.7,56.9,166.5,5,9.1,4.6
AlternariaLeafSpot,1994,38,20.7,31.1,18.9,80.4,43.4,0.0,7.5,8.4,5.6
AlternariaLeafSpot,1994,39,22.89,34.0,19.2,71.1,34.6,0.0,2.7,10.3,6.4
AlternariaLeafSpot,1994,40,20.57,33.0,20.1,73.4,48.7,7.9,4.6,6.4,5.6
AlternariaLeafSpot,1994,41,28.32,33.8,19.1,72.6,32.1,0.0,3.4,10.5,6
AlternariaLeafSpot,1994,42,,31.7,19.0,81.3,46.9,22.2,4.8,8.4,4.9
AlternariaLeafSpot,1994,43,,32.6,15.8,78.6,37.1,0.0,4.5,9.8,4.4
AlternariaLeafSpot,1994,44,,30.3,15.0,63.9,43.7,0.0,6.6,5.9,4.6
AlternariaLeafSpot,1994,45,,31.3,15.7,74.4,43.0,0.0,4.5,9.8,4.3
AlternariaLeafSpot,1994,46,,29.5,15.1,83.0,48.7,20.0,3.8,7.5,4.8
AlternariaLeafSpot,1994,47,,29.2,9.6,70.6,30.3,0.0,4,10.1,3.9
AlternariaLeafSpot,1994,48,,30.5,9.4,75.4,26.3,0.0,2.5,10.6,4.6
AlternariaLeafSpot,1994,49,,30.0,9.1,80.4,28.1,0.0,2.6,10.8,4.3
AlternariaLeafSpot,1994,50,,30.1,8.9,76.4,24.7,0.0,2.2,10.8,4.9
AlternariaLeafSpot,1994,51,,28.5,7.1,71.3,19.1,0.0,3.8,10.5,4
AlternariaLeafSpot,1994,52,,28.1,6.7,72.0,22.3,0.0,3.6,9.9,4.5
AmericanBollworm-Egg,2001,1,,26.9,10.8,75.0,42.7,0.0,3.5,8.2,3.7
AmericanBollworm-Egg,2001,2,,30.2,14.2,62.3,30.4,0.0,3.8,10,4
AmericanBollworm-Egg,2001,3,,31.3,15.9,71.6,33.3,0.0,3.5,9.3,4.3
AmericanBollworm-Egg,2001,4,,30.3,8.6,70.3,26.4,0.0,3.2,10.5,4.1
AmericanBollworm-Egg,2001,5,,32.3,11.7,72.7,29.6,0.0,2.6,9.9,4.6
AmericanBollworm-Egg,2001,6,,33.6,9.5,71.4,23.9,0.0,3.6,11.3,5.1
AmericanBollworm-Egg,2001,7,,33.7,12.1,66.0,23.9,0.0,3.2,11,5.1
AmericanBollworm-Egg,2001,8,,35.3,13.8,64.7,25.7,0.0,3.5,11.2,5.7
AmericanBollworm-Egg,2001,9,,35.4,16.4,59.7,28.1,0.0,5.6,11.1,5.8
AmericanBollworm-Egg,2001,10,,34.8,16.6,55.1,25.6,0.0,5.5,10.6,5.7
AmericanBollworm-Egg,2001,11,,36.1,17.8,55.0,21.7,0.0,4.8,10.7,6.2
AmericanBollworm-Egg,2001,12,,37.7,20.1,49.0,19.6,0.0,4.7,10.7,6.8
AmericanBollworm-Egg,2001,13,,37.6,17.2,47.3,15.0,0.0,5.6,11.6,6.7
AmericanBollworm-Egg,2001,14,,37.7,20.5,60.0,30.9,11.0,5.3,9.1,6.4
AmericanBollworm-Egg,2001,15,,36.4,21.1,45.9,26.9,0.0,5.5,8.6,6.6
AmericanBollworm-Egg,2001,16,,38.1,21.9,37.4,18.6,0.0,5.5,11.5,6.9
AmericanBollworm-Egg,2001,17,,41.6,23.5,34.7,15.4,0.0,4.1,11.4,9.8
AmericanBollworm-Egg,2001,18,,43.3,24.5,33.3,17.4,0.0,5.3,11.6,12.4
AmericanBollworm-Egg,2001,19,,42.7,25.2,35.0,20.7,0.0,9.8,12,12.4
AmericanBollworm-Egg,2001,20,,40.0,26.6,43.4,23.9,0.8,8.8,11,9
AmericanBollworm-Egg,2001,21,,39.4,25.8,46.9,25.3,0.0,7.9,10.4,9.4
AmericanBollworm-Egg,2001,22,,39.1,25.9,49.7,27.6,0.5,10.2,11.7,11.4
AmericanBollworm-Egg,2001,23,,36.3,24.6,76.3,42.7,52.9,7.1,6.8,7.3
AmericanBollworm-Egg,2001,24,,30.5,22.5,86.1,61.3,84.4,7.7,4.3,4.3
AmericanBollworm-Egg,2001,25,,33.7,23.5,75.6,46.3,2.0,10.3,7.1,7
AmericanBollworm-Egg,2001,26,,35.0,24.0,72.6,42.3,1.5,12.3,8.4,9.3
AmericanBollworm-Egg,2001,27,,33.1,23.4,71.9,49.6,1.4,9.2,5.4,7
AmericanBollworm-Egg,2001,28,,31.9,23.2,76.1,56.4,14.0,8.2,2.9,5.3
AmericanBollworm-Egg,2001,29,,30.6,22.6,75.4,56.7,28.8,8.4,1.6,4.5
AmericanBollworm-Egg,2001,30,,31.6,22.6,80.1,59.0,50.6,4.7,5.5,4.3
AmericanBollworm-Egg,2001,31,,29.8,22.6,84.3,70.7,159.1,4.6,2.3,3.6
AmericanBollworm-Egg,2001,32,0,27.9,22.1,88.1,75.9,150.8,5.9,2.3,2.5
AmericanBollworm-Egg,2001,33,0,29.1,21.6,84.9,71.1,46.2,5.8,2.1,2.5
AmericanBollworm-Egg,2001,34,0,27.6,21.9,83.0,75.0,37.4,5,1.6,2.2
AmericanBollworm-Egg,2001,35,0,30.9,21.1,74.7,56.7,0.0,7.1,8,3.8
AmericanBollworm-Egg,2001,36,0,31.9,22.0,80.7,55.7,20.6,4.3,6.8,4.2
AmericanBollworm-Egg,2001,37,0,33.1,22.6,76.6,54.0,0.0,3.6,8.3,5
AmericanBollworm-Egg,2001,38,0,33.1,21.7,78.1,63.3,22.5,3.6,7.2,4
AmericanBollworm-Egg,2001,39,0,34.4,21.7,80.0,50.6,15.2,4.2,8.6,5.4
AmericanBollworm-Egg,2001,40,0.2,30.0,22.2,80.1,71.9,215.0,6.4,5.3,4.1
AmericanBollworm-Egg,2001,41,1.6,31.3,21.9,89.7,59.9,59.0,4.1,7.2,2.6
AmericanBollworm-Egg,2001,42,0.5,32.1,20.1,73.7,52.4,0.0,4.6,7.8,4.6
AmericanBollworm-Egg,2001,43,0.5,32.7,14.1,71.0,35.3,0.0,3.3,10.9,4.1
AmericanBollworm-Egg,2001,44,0.4,32.5,14.2,70.7,34.1,0.0,3.3,10.9,4.2
AmericanBollworm-Egg,2001,45,0.2,32.3,15.5,67.6,34.7,0.0,4.5,10.6,4
AmericanBollworm-Egg,2001,46,0.1,31.8,14.3,66.0,36.6,0.0,3.7,10.5,4
AmericanBollworm-Egg,2001,47,0,31.5,13.2,68.4,35.3,0.0,2.6,10.4,3.6
AmericanBollworm-Egg,2001,48,0,29.4,11.0,66.4,28.4,0.0,3.3,10.4,3.5
AmericanBollworm-Egg,2001,49,0,30.9,9.4,68.7,25.4,0.0,1.7,10.7,3.4
AmericanBollworm-Egg,2001,50,0,31.4,11.0,79.7,28.4,0.0,2.2,10.6,3.1
AmericanBollworm-Egg,2001,51,0,29.2,8.9,69.1,28.4,0.0,3.8,10.4,3.9
AmericanBollworm-Egg,2001,52,0,28.9,9.8,78.6,30.9,0.0,2.8,10,3.7
AmericanBollworm-Egg,2003,1,,28.7,13.6,70.3,36.1,0.0,4.6,9.3,4.7
AmericanBollworm-Egg,2003,2,,30.0,13.5,78.9,33.4,0.0,3.8,9,4.4
AmericanBollworm-Egg,2003,3,,28.4,8.1,74.4,23.9,0.0,3.5,9.2,4.7
AmericanBollworm-Egg,2003,4,,33.0,13.4,67.7,29.6,0.0,3,10.1,5.5
AmericanBollworm-Egg,2003,5,,33.3,14.8,73.0,27.0,5.1,3.4,10.3,5.7
AmericanBollworm-Egg,2003,6,,32.2,15.3,74.4,31.4,3.7,3.3,10.4,5.3
AmericanBollworm-Egg,2003,7,,35.0,16.3,70.0,27.6,0.0,3.9,10.7,6.7
AmericanBollworm-Egg,2003,8,,34.1,14.6,66.7,25.9,0.0,3.6,10.8,6.7
AmericanBollworm-Egg,2003,9,,36.1,16.7,55.9,23.4,0.0,3.2,10.9,7.4
AmericanBollworm-Egg,2003,10,,35.2,14.1,45.0,19.3,0.0,4.7,10.2,8.4
AmericanBollworm-Egg,2003,11,,37.0,17.4,53.7,28.3,0.0,4,10.6,8.6
AmericanBollworm-Egg,2003,12,,37.3,20.1,61.9,31.1,6.0,4.1,11.1,8.6
AmericanBollworm-Egg,2003,13,,39.3,19.5,50.0,23.3,0.0,4.6,11.2,9.5
AmericanBollworm-Egg,2003,14,,39.3,22.2,46.7,22.0,0.0,6.3,9.1,11
AmericanBollworm-Egg,2003,15,,39.2,23.0,47.3,29.7,25.6,4.4,10.4,9.9
AmericanBollworm-Egg,2003,16,,41.2,23.1,37.9,17.1,0.0,4.8,11.9,11.6
AmericanBollworm-Egg,2003,17,,42.0,25.5,39.6,16.3,0.0,5.2,10.9,12.2
AmericanBollworm-Egg,2003,18,,41.8,22.7,39.7,16.9,0.0,6,12.1,12.3
AmericanBollworm-Egg,2003,19,,42.0,22.4,41.6,15.9,0.0,5.7,11.2,12.4
AmericanBollworm-Egg,2003,20,,43.6,26.3,45.0,17.7,0.0,10,10.9,14.2
AmericanBollworm-Egg,2003,21,,42.0,26.6,48.7,21.3,0.0,10.1,12.4,14.2
AmericanBollworm-Egg,2003,22,,42.5,27.5,46.6,19.9,0.0,8.6,10.3,13.5
AmericanBollworm-Egg,2003,23,,41.8,27.8,52.1,25.7,0.0,11.3,11.6,14.5
AmericanBollworm-Egg,2003,24,,36.1,23.5,78.7,56.0,48.0,6.5,7.8,8.1
AmericanBollworm-Egg,2003,25,,34.3,23.5,84.4,68.6,18.0,7.6,5.9,6
AmericanBollworm-Egg,2003,26,,32.4,23.3,79.4,49.7,13.2,7.2,4.3,4.5
AmericanBollworm-Egg,2003,27,,32.5,23.0,88.3,64.1,121.6,5.5,6.1,4.3
AmericanBollworm-Egg,2003,28,,32.2,23.0,91.3,65.1,112.5,5.7,7.3,4.6
AmericanBollworm-Egg,2003,29,,29.0,22.8,96.1,77.6,147.8,4.2,2.8,3.3
AmericanBollworm-Egg,2003,30,,29.5,22.7,90.7,75.9,34.9,5.5,1.6,4
AmericanBollworm-Egg,2003,31,,30.9,22.4,83.3,65.0,12.3,5.3,5.4,4.1
AmericanBollworm-Egg,2003,32,,29.2,22.8,89.4,75.9,30.9,5.9,3.6,3.2
AmericanBollworm-Egg,2003,33,0.49,31.2,21.9,86.3,59.6,7.0,6,6.6,4.9
AmericanBollworm-Egg,2003,34,1.03,29.4,21.7,90.1,75.9,75.8,6.4,4.7,3.6
AmericanBollworm-Egg,2003,35,1.49,29.7,21.5,84.0,71.6,27.1,4.9,6.2,4.3
AmericanBollworm-Egg,2003,36,0.96,30.5,21.3,86.0,62.3,9.4,5.8,5.4,4.8
AmericanBollworm-Egg,2003,37,2.13,31.9,21.3,78.1,57.3,1.4,6.5,9.2,5.7
AmericanBollworm-Egg,2003,38,6.61,32.6,22.6,85.0,58.4,9.3,5.2,7.2,5.5
AmericanBollworm-Egg,2003,39,4,30.8,22.2,88.9,62.3,8.8,3.8,4.9,4.3
AmericanBollworm-Egg,2003,40,1.54,33.0,20.5,72.1,53.1,11.4,5.5,10.2,6
AmericanBollworm-Egg,2003,41,0.7,33.6,18.8,78.3,47.3,1.2,3.6,9.2,5.6
AmericanBollworm-Egg,2003,42,0.6,33.9,14.8,71.7,36.0,2.5,9,10.6,5.8
AmericanBollworm-Egg,2003,43,0.53,32.2,16.1,74.9,44.6,0.0,4.9,9.3,6
AmericanBollworm-Egg,2003,44,0.05,32.1,17.4,78.4,50.4,33.9,3.8,7.2,5.2
AmericanBollworm-Egg,2003,45,0.01,32.2,13.0,80.6,30.1,0.0,3.7,10.5,5.6
AmericanBollworm-Egg,2003,46,0,31.6,13.4,78.6,32.3,0.0,3.2,10.7,5.3
AmericanBollworm-Egg,2003,47,0,31.6,12.2,76.4,34.6,0.0,4,10.7,5.5
AmericanBollworm-Egg,2003,48,0,31.6,13.4,81.6,35.4,0.0,3.1,9.8,4.8
AmericanBollworm-Egg,2003,49,0,30.9,9.9,74.1,34.3,0.0,2.9,10.5,4.1
AmericanBollworm-Egg,2003,50,0,30.6,10.0,77.7,30.3,0.0,3.8,10.3,4.7
AmericanBollworm-Egg,2003,51,0,28.7,8.6,80.0,32.6,0.0,3.4,10.5,4.3
AmericanBollworm-Egg,2003,52,0,28.0,11.2,81.4,38.4,0.0,4.6,9.1,4.3
Aphid,1989,1,,32.5,15.4,74.3,37.0,0.0,2.6,11.1,5.5
Aphid,1989,2,,31.3,11.6,74.4,32.4,0.0,3.7,10.9,4.7
Aphid,1989,3,,28.6,10.0,75.1,24.4,0.0,4.4,10,4.4
Aphid,1989,4,,29.6,9.4,75.1,25.4,0.0,3.6,10.6,4.1
Aphid,1989,5,,28.7,10.0,76.3,35.4,0.0,2.8,10.3,3.7
Aphid,1989,6,,26.9,8.1,81.0,28.7,0.0,3.8,9.4,3.6
Aphid,1989,7,,27.6,6.4,79.0,24.4,0.0,3.5,10.9,3.6
Aphid,1989,8,,28.9,10.7,74.9,28.9,0.0,2.6,10.4,4.1
Aphid,1989,9,,36.4,15.2,43.4,10.6,0.0,5.2,10.1,7.8
Aphid,1989,10,,35.2,17.4,56.9,26.1,35.0,8.4,8.9,9.4
Aphid,1989,11,,33.3,16.3,69.0,19.6,0.0,4.5,9.4,6.7
Aphid,1989,12,,36.6,20.7,53.4,20.6,7.0,6.7,8.4,7.8
Aphid,1989,13,,32.2,18.2,76.7,40.0,19.0,6.8,7.6,6
Aphid,1989,14,,38.0,16.3,41.6,18.7,0.0,7.1,10.8,11.4
Aphid,1989,15,,40.1,19.7,32.6,9.3,0.0,6.3,10.7,12.8
Aphid,1989,16,,40.6,23.7,37.1,15.0,0.0,7.5,9.4,12
Aphid,1989,17,,41.1,23.3,35.6,14.6,0.0,8.5,10.8,13
Aphid,1989,18,,38.7,24.2,45.9,23.3,1.2,8.4,8.3,11.6
Aphid,1989,19,,39.3,23.1,26.6,7.9,0.0,8.7,10.3,13
Aphid,1989,20,,40.8,28.0,39.1,10.9,0.0,13.5,9.8,17.6
Aphid,1989,21,,40.9,26.1,45.6,17.7,0.0,16.7,10.5,19.2
Aphid,1989,22,,41.0,26.2,56.6,30.3,8.0,13.5,7.9,13.6
Aphid,1989,23,,39.5,24.5,78.6,42.9,13.4,9.7,8.6,8.9
Aphid,1989,24,,44.9,23.6,81.6,59.7,35.5,12.5,4.5,9.8
Aphid,1989,25,,44.3,23.3,81.0,45.0,77.0,12.7,6.5,8.9
Aphid,1989,26,,39.4,22.2,88.6,67.3,151.0,15,3.6,4.3
Aphid,1989,27,,32.2,22.8,85.0,54.1,4.0,11.7,3.7,5.6
Aphid,1989,28,,33.2,22.9,81.1,51.1,27.0,10.1,7,6.9
Aphid,1989,29,,30.9,22.4,87.7,82.0,161.1,12.2,5.2,4.1
Aphid,1989,30,,30.1,22.4,85.6,69.6,255.2,13.6,4,4.2
Aphid,1989,31,,31.8,22.0,78.9,49.7,1.2,13.7,5.8,6.5
Aphid,1989,32,4.46,30.0,22.3,84.9,71.7,13.1,14.5,1,5.6
Aphid,1989,33,4,28.9,21.2,89.0,68.9,204.8,12.9,4.5,3.6
Aphid,1989,34,1.34,28.4,22.0,87.1,74.3,67.9,11,3,3.8
Aphid,1989,35,1.64,29.8,21.6,88.7,70.7,181.6,10,5.6,4.2
Aphid,1989,36,2.26,31.2,21.5,87.1,55.3,0.0,6.3,8,6
Aphid,1989,37,1.76,33.2,22.3,86.6,52.9,21.6,10.9,5.5,5.2
Aphid,1989,38,1.64,33.2,22.7,84.6,53.6,15.2,6,8.5,5.5
Aphid,1989,39,2.55,32.6,22.3,89.7,58.4,31.4,5.2,7.2,5.9
Aphid,1989,40,1.38,33.4,20.5,84.6,38.4,8.0,4.5,8.2,5.7
Aphid,1989,41,1.05,35.6,17.8,73.3,24.9,0.0,4.2,9.4,7
Aphid,1989,42,1.95,34.7,16.9,67.1,23.9,0.0,4.2,10.2,6.5
Aphid,1989,43,1.87,33.5,16.8,75.1,35.1,0.0,4.3,9.8,6.2
Aphid,1989,44,0,32.9,15.3,72.7,27.1,0.0,3.8,9.8,5.6
Aphid,1989,45,1.55,32.7,14.7,71.6,29.3,0.0,5.2,9.4,6.4
Aphid,1989,46,3.25,32.2,16.0,79.1,37.9,0.0,4.2,8.7,5.9
Aphid,1989,47,5.04,32.5,13.5,75.7,26.6,0.0,2.8,9.9,5.5
Aphid,1989,48,3.77,31.4,12.2,73.9,27.1,0.0,4.2,10,5.8
Aphid,1989,49,3.53,29.3,9.9,73.7,23.6,0.0,4.1,9.9,5.5
Aphid,1989,50,3.63,28.3,8.4,78.4,26.1,0.0,4.5,9.9,4.7
Aphid,1989,51,4.83,29.0,11.5,77.1,29.4,0.0,3.7,9.6,5.4
Aphid,1989,52,3.16,28.0,17.4,83.0,53.4,5.2,5.8,4.8,4.8
Aphid,1990,1,,33.4,21.5,77.0,48.6,8.0,3.9,9.3,5.7
Aphid,1990,2,,34.3,19.7,78.3,41.9,0.0,2.3,10.6,6.2
Aphid,1990,3,,33.8,21.3,80.3,44.9,22.5,3.6,8.1,5.6
Aphid,1990,4,,34.2,18.6,73.4,36.1,0.0,3.8,9.5,5.8
Aphid,1990,5,,35.1,16.1,67.1,26.3,0.0,2.8,10.8,5.8
Aphid,1990,6,,33.3,14.7,68.7,29.3,0.0,3.3,10.9,4.7
Aphid,1990,7,,32.7,14.3,67.0,32.3,0.0,3.4,10.9,4.5
Aphid,1990,8,,31.9,11.9,71.7,26.4,0.0,3.6,11,4.4
Aphid,1990,9,,31.6,11.1,73.3,30.3,0.0,2.6,10.5,4.1
Aphid,1990,10,,31.7,13.3,67.7,35.0,0.0,4,10.5,4.3
Aphid,1990,11,,30.2,6.7,71.3,23.0,0.0,3.5,10.7,3.9
Aphid,1990,12,,30.5,7.0,67.3,21.0,0.0,2.7,10.5,4
Aphid,1990,13,,30.4,6.8,69.9,25.0,0.0,3.2,10.5,4.1
Aphid,1990,14,,29.6,7.9,74.0,23.8,1.4,3.8,10.2,4
Aphid,1990,15,,40.0,20.0,36.1,11.3,0.0,6.2,10.4,11.6
Aphid,1990,16,,42.0,22.1,32.3,8.4,0.0,9,11.1,13.9
Aphid,1990,17,,42.5,24.0,31.3,11.6,0.0,6.6,10.4,14
Aphid,1990,18,,40.7,26.3,44.4,19.9,7.0,7.8,10.1,12.7
Aphid,1990,19,,37.2,23.8,63.6,35.7,7.2,9.3,6.3,9.3
Aphid,1990,20,,37.4,26.1,61.6,34.6,0.0,14.6,6.1,10.5
Aphid,1990,21,,37.3,23.0,83.1,42.1,85.2,9.9,8.8,8
Aphid,1990,22,,33.9,23.5,84.6,59.4,49.4,9.1,7.6,7.4
Aphid,1990,23,,35.1,23.4,85.9,58.0,184.2,9.1,4.9,4.7
Aphid,1990,24,,33.8,22.8,93.9,76.9,181.8,10.7,2.8,4
Aphid,1990,25,,30.6,23.0,86.1,62.9,25.8,10.9,3.7,4.4
Aphid,1990,26,,32.6,23.2,84.3,58.6,11.4,9,4.7,6.1
Aphid,1990,27,1.88,31.8,23.2,81.7,53.1,1.8,11.7,4,6.2
Aphid,1990,28,3.4,32.6,23.3,84.3,51.6,2.2,16.1,4.2,8
Aphid,1990,29,4.5,31.8,22.8,84.0,61.1,66.4,12,4.1,6.1
Aphid,1990,30,3.49,29.5,21.6,87.9,64.3,71.4,11.7,4.4,5
Aphid,1990,31,2.34,33.0,22.5,79.9,48.0,0.0,10.3,8.3,7.1
Aphid,1990,32,2.15,30.9,22.6,89.9,69.0,139.8,6.7,4.9,3.9
Aphid,1990,33,1.83,27.9,22.2,90.9,81.0,134.1,12.9,1,2.9
Aphid,1990,34,1.45,29.6,21.9,85.0,65.0,98.2,11.6,4.8,3.8
Aphid,1990,35,0,28.6,21.7,88.1,71.4,136.0,10.5,3.6,4
Aphid,1990,36,0,31.0,21.8,88.4,56.4,48.7,8.6,7.4,4.8
Aphid,1990,37,0,31.3,21.9,83.4,54.0,9.9,9.1,8.1,5.8
Aphid,1990,38,1.06,33.2,22.0,77.4,44.1,0.0,6.8,9.2,7.7
Aphid,1990,39,1.06,30.8,22.2,91.4,68.1,150.2,7.4,6.6,4
Aphid,1990,40,1.25,32.1,21.6,85.6,58.3,33.5,8.5,6.6,6.4
Aphid,1990,41,1.25,29.8,21.5,92.3,63.9,137.6,4.3,5.6,4.4
Aphid,1990,42,0,31.9,17.0,84.9,32.3,0.0,4,10.3,5.4
Aphid,1990,43,0,29.2,19.7,86.1,62.0,123.2,7.2,5,4.4
Aphid,1990,44,1.07,29.9,18.2,78.4,46.7,6.0,5.4,9.3,6
Aphid,1990,45,1.13,31.4,15.8,81.0,33.0,0.0,4.2,10.5,6.9
Aphid,1990,46,1.07,31.1,18.2,75.0,42.9,0.0,5.5,8.2,6.4
Aphid,1990,47,1.69,30.4,15.9,80.0,36.3,0.0,5.1,8.6,6.5
Aphid,1990,48,1.46,31.7,17.5,82.4,40.7,0.0,3.5,9.1,5.7
Aphid,1990,49,1.35,30.3,16.7,85.9,41.3,0.0,4.4,7.8,5.4
Aphid,1990,50,1.39,29.2,12.9,77.6,34.0,0.0,4.2,9.2,5.5
Aphid,1990,51,1.19,28.3,11.7,80.6,28.4,0.0,3.7,9.5,5.6
Aphid,1990,52,0,28.9,10.2,81.5,30.4,0.0,3.8,9.7,5.2
BacteriaLeafBlight,1995,1,,29.2,8.5,69.1,30.6,0.0,3.5,8.1,4.8
BacteriaLeafBlight,1995,2,,23.7,10.0,79.4,33.3,41.4,5.4,9.7,4.2
BacteriaLeafBlight,1995,3,,24.8,9.8,82.3,48.9,7.2,4.1,7,4.2
BacteriaLeafBlight,1995,4,,28.8,8.0,76.0,20.3,0.0,3.2,10.2,5.5
BacteriaLeafBlight,1995,5,,29.3,12.4,75.3,33.6,0.0,4.3,8.7,5.8
BacteriaLeafBlight,1995,6,,32.4,15.7,76.0,33.0,0.0,4.1,9.7,5.8
BacteriaLeafBlight,1995,7,,33.2,13.4,58.9,25.0,0.0,3.7,10.4,5.8
BacteriaLeafBlight,1995,8,,32.5,10.6,59.4,28.1,0.0,4.2,10.6,5.7
BacteriaLeafBlight,1995,9,,34.9,14.3,58.1,20.7,0.0,4.9,10.6,6.9
BacteriaLeafBlight,1995,10,,35.5,17.6,38.9,17.1,0.0,5.9,10.2,7.8
BacteriaLeafBlight,1995,11,,33.9,19.8,79.3,34.1,56.0,7.8,8.3,5.3
BacteriaLeafBlight,1995,12,,36.4,20.3,69.7,31.3,0.9,3,9.2,5.7
BacteriaLeafBlight,1995,13,,34.4,17.8,62.7,29.1,3.4,4.8,11.8,7
BacteriaLeafBlight,1995,14,,38.9,18.5,51.7,19.6,0.0,4.2,11.6,7.5
BacteriaLeafBlight,1995,15,,39.5,20.0,40.7,19.9,0.0,5.3,11.6,9.7
BacteriaLeafBlight,1995,16,,38.9,20.9,47.1,20.0,3.2,5.1,10,8.5
BacteriaLeafBlight,1995,17,,41.4,23.1,42.6,17.3,3.8,5.4,11,9.5
BacteriaLeafBlight,1995,18,,37.8,22.0,69.7,31.4,21.0,4.7,8.9,7.3
BacteriaLeafBlight,1995,19,,39.2,22.4,68.0,25.9,7.0,8.1,8.9,7.3
BacteriaLeafBlight,1995,20,,38.0,22.8,61.3,26.4,0.0,13.2,10.1,9.4
BacteriaLeafBlight,1995,21,,40.0,23.6,49.6,22.0,1.0,7.2,11,11.6
BacteriaLeafBlight,1995,22,,43.3,24.9,35.9,15.4,0.0,7.5,11.6,12.2
BacteriaLeafBlight,1995,23,,43.5,26.2,49.0,18.4,0.0,14.9,10.2,14.3
BacteriaLeafBlight,1995,24,,39.8,25.5,47.3,26.4,38.0,10.2,11.1,11.6
BacteriaLeafBlight,1995,25,,35.7,23.1,66.3,36.1,44.6,7.8,7.5,5.9
BacteriaLeafBlight,1995,26,,30.6,22.2,79.7,64.0,93.6,8.3,2.1,3.5
BacteriaLeafBlight,1995,27,,35.6,23.8,70.4,41.9,0.0,9.1,7.4,6.9
BacteriaLeafBlight,1995,28,,32.2,23.1,82.6,57.0,57.0,6,2.2,3.7
BacteriaLeafBlight,1995,29,,29.4,22.4,89.1,69.6,47.0,6.2,1.1,3.3
BacteriaLeafBlight,1995,30,,31.0,22.0,88.4,63.7,85.9,7.7,5.1,4.1
BacteriaLeafBlight,1995,31,,31.8,23.2,80.0,63.0,26.8,5.8,5.6,5.1
BacteriaLeafBlight,1995,32,,33.8,23.0,79.0,52.4,3.3,7.8,7.6,6.5
BacteriaLeafBlight,1995,33,,33.0,22.7,74.9,48.0,0.0,6.9,7.7,6
BacteriaLeafBlight,1995,34,10.47,34.2,23.5,71.4,47.9,0.0,6.4,8.6,6.4
BacteriaLeafBlight,1995,35,15.68,31.4,22.5,86.3,68.1,114.4,7.8,3.3,4.7
BacteriaLeafBlight,1995,36,20.5,31.1,21.6,84.0,52.1,17.8,7.2,8.8,5.6
BacteriaLeafBlight,1995,37,23.01,32.8,21.9,81.9,53.7,88.4,4.3,7.2,5.2
BacteriaLeafBlight,1995,38,25.33,32.3,21.9,85.6,54.6,4.6,5.2,7,5.4
BacteriaLeafBlight,1995,39,26.78,33.6,21.3,83.4,46.0,0.0,3.8,8.8,6
BacteriaLeafBlight,1995,40,28.86,34.8,21.3,77.7,39.7,0.0,3.6,10.7,6.9
BacteriaLeafBlight,1995,41,28.86,32.7,22.0,81.0,55.6,12.5,5.8,7.5,5.6
BacteriaLeafBlight,1995,42,22.22,29.3,21.0,88.3,67.6,68.9,7.3,5.4,4.3
BacteriaLeafBlight,1995,43,36.85,31.2,16.8,83.0,42.1,0.0,6.3,9.5,6.1
BacteriaLeafBlight,1995,44,29.53,31.7,12.9,72.7,42.3,0.0,4,10.1,6.4
BacteriaLeafBlight,1995,45,28.86,31.1,12.4,67.7,36.3,0.0,3.5,10.5,6.2
BacteriaLeafBlight,1995,46,30.85,31.5,12.1,70.6,41.3,0.0,3.2,10.1,5.9
BacteriaLeafBlight,1995,47,30.85,29.7,14.1,71.0,36.1,1.0,4.1,7.4,5.4
BacteriaLeafBlight,1995,48,25.33,31.1,15.7,68.3,34.1,0.0,2.7,8.3,5.2
BacteriaLeafBlight,1995,49,,30.8,11.2,72.7,28.1,0.0,0,9.4,4.8
BacteriaLeafBlight,1995,50,,30.4,9.7,74.6,27.1,0.0,0,9.6,4.6
BacteriaLeafBlight,1995,51,,31.2,10.9,73.3,34.4,0.0,0,9.6,4.8
BacteriaLeafBlight,1995,52,,29.9,12.7,68.6,31.5,0.0,0,9,4.8
BacteriaLeafBlight,1996,1,,30.0,14.4,70.6,32.0,0.0,3.6,8.6,5.7
BacteriaLeafBlight,1996,2,,31.4,15.0,75.3,29.3,0.0,3.7,9.1,5.3
BacteriaLeafBlight,1996,3,,31.1,12.0,70.7,26.9,0.0,3.5,9.8,5.7
BacteriaLeafBlight,1996,4,,31.9,13.1,63.9,25.3,0.0,2.7,9.8,5.5
BacteriaLeafBlight,1996,5,,33.0,14.4,68.1,26.9,0.0,2.7,9.9,5.5
BacteriaLeafBlight,1996,6,,31.9,14.2,55.0,21.9,0.0,3.9,8.8,5.6
BacteriaLeafBlight,1996,7,,31.5,15.9,58.9,25.7,0.0,4.2,9.4,6
BacteriaLeafBlight,1996,8,,35.4,14.7,57.9,14.9,0.0,3.7,10.3,6.6
BacteriaLeafBlight,1996,9,,34.9,15.0,57.6,19.6,0.0,4.8,11,6.9
BacteriaLeafBlight,1996,10,,34.9,14.6,49.1,15.4,0.0,3.7,11.5,7.1
BacteriaLeafBlight,1996,11,,38.9,21.2,48.1,17.4,0.0,4.4,10.1,7.9
BacteriaLeafBlight,1996,12,,38.4,21.3,43.6,18.1,0.0,4.6,10.7,7.8
BacteriaLeafBlight,1996,13,,40.6,20.4,40.2,13.5,0.0,5.9,11.4,8.9
BacteriaLeafBlight,1996,14,,38.9,21.6,39.3,14.7,0.0,5,10.7,9.4
BacteriaLeafBlight,1996,15,,38.9,21.0,43.0,20.9,0.0,5.4,10.4,9.1
BacteriaLeafBlight,1996,16,,37.8,21.9,59.7,26.9,5.6,5.6,11.1,8.1
BacteriaLeafBlight,1996,17,,41.1,22.5,46.7,19.0,0.0,6,12.2,10.9
BacteriaLeafBlight,1996,18,,42.4,23.7,31.4,11.6,0.0,9.2,12.5,13.6
BacteriaLeafBlight,1996,19,,42.2,23.6,32.7,12.4,0.0,9.7,12.7,14.5
BacteriaLeafBlight,1996,20,,41.3,25.8,41.3,19.0,1.5,8.7,12.4,13.9
BacteriaLeafBlight,1996,21,,41.1,25.7,40.0,19.3,6.0,7.7,9.8,12.8
BacteriaLeafBlight,1996,22,,42.3,28.9,41.3,17.1,0.0,9.1,11.6,14.3
BacteriaLeafBlight,1996,23,,41.5,27.3,46.4,20.6,15.6,8.5,11.3,12.7
BacteriaLeafBlight,1996,24,,36.8,24.1,67.6,34.9,25.2,6.3,9.5,8
BacteriaLeafBlight,1996,25,,36.2,24.9,65.1,33.7,0.0,14.1,10.7,11.5
BacteriaLeafBlight,1996,26,,36.5,24.7,60.9,32.6,0.0,13.2,10.7,13.3
BacteriaLeafBlight,1996,27,,34.6,23.9,74.6,44.7,50.0,7.4,4.7,7.5
BacteriaLeafBlight,1996,28,,32.9,23.1,85.4,50.1,63.1,5.4,6.2,5.8
BacteriaLeafBlight,1996,29,,32.2,23.4,80.1,52.4,16.0,8.1,5.1,5.4
BacteriaLeafBlight,1996,30,,29.1,23.5,82.7,61.4,6.0,12.1,2.7,4.7
BacteriaLeafBlight,1996,31,,31.3,22.2,82.1,54.7,22.6,8.4,3.2,4.5
BacteriaLeafBlight,1996,32,,29.4,22.0,81.6,62.0,20.7,8,3.8,4.2
BacteriaLeafBlight,1996,33,,31.0,22.6,82.9,57.0,87.6,5.6,4.9,4.6
BacteriaLeafBlight,1996,34,,30.1,22.3,90.0,68.3,66.4,3.9,3.6,3.1
BacteriaLeafBlight,1996,35,,28.5,21.7,91.3,69.4,76.4,6.9,6.1,3.8
BacteriaLeafBlight,1996,36,12.92,30.3,22.1,90.0,66.1,102.8,3,5.2,3.8
BacteriaLeafBlight,1996,37,23.02,31.0,22.2,90.9,59.7,136.5,3.5,5.6,3.7
BacteriaLeafBlight,1996,38,22.22,30.2,21.0,90.1,59.1,73.4,5,10.4,4.7
BacteriaLeafBlight,1996,39,26.78,32.6,22.2,87.3,51.9,23.6,4,7.2,4.6
BacteriaLeafBlight,1996,40,26.86,30.1,22.2,91.4,65.0,113.2,5.8,6.9,3.8
BacteriaLeafBlight,1996,41,25.33,31.3,17.5,77.4,43.6,0.0,3.2,11.1,6.8
BacteriaLeafBlight,1996,42,28.86,31.4,15.8,74.0,41.6,6.1,4.7,8.2,5.6
BacteriaLeafBlight,1996,43,26.78,29.7,21.3,87.9,63.1,55.4,3.6,6.1,3
BacteriaLeafBlight,1996,44,26.78,30.4,15.8,84.4,36.9,22.2,2.8,11.1,4.2
BacteriaLeafBlight,1996,45,23.81,30.7,15.3,82.9,34.6,0.0,8,9.9,4.3
BacteriaLeafBlight,1996,46,22.22,31.0,14.6,80.7,34.4,0.0,3.4,10.9,3.8
BacteriaLeafBlight,1996,47,,29.5,10.6,84.0,36.0,0.0,2.3,10.8,3.6
BacteriaLeafBlight,1996,48,,29.7,9.4,74.3,27.6,0.0,2.5,10.9,3.3
BacteriaLeafBlight,1996,49,,28.9,10.5,76.0,28.1,0.0,2.3,10.4,3.5
BacteriaLeafBlight,1996,50,,27.6,8.6,78.7,22.1,0.0,3.3,6.6,3.5
BacteriaLeafBlight,1996,51,,28.7,11.1,72.0,29.9,0.0,3.8,7.8,3.9
BacteriaLeafBlight,1996,52,,29.1,8.6,80.1,22.3,0.0,2.5,9.5,3.8
Jassid,1990,1,,33.4,21.5,77.0,48.6,8.0,3.9,9.3,5.7
Jassid,1990,2,,34.3,19.7,78.3,41.9,0.0,2.3,10.6,6.2
Jassid,1990,3,,33.8,21.3,80.3,44.9,22.5,3.6,8.1,5.6
Jassid,1990,4,,34.2,18.6,73.4,36.1,0.0,3.8,9.5,5.8
Jassid,1990,5,,35.1,16.1,67.1,26.3,0.0,2.8,10.8,5.8
Jassid,1990,6,,33.3,14.7,68.7,29.3,0.0,3.3,10.9,4.7
Jassid,1990,7,,32.7,14.3,67.0,32.3,0.0,3.4,10.9,4.5
Jassid,1990,8,,31.9,11.9,71.7,26.4,0.0,3.6,11,4.4
Jassid,1990,9,,31.6,11.1,73.3,30.3,0.0,2.6,10.5,4.1
Jassid,1990,10,,31.7,13.3,67.7,35.0,0.0,4,10.5,4.3
Jassid,1990,11,,30.2,6.7,71.3,23.0,0.0,3.5,10.7,3.9
Jassid,1990,12,,30.5,7.0,67.3,21.0,0.0,2.7,10.5,4
Jassid,1990,13,,30.4,6.8,69.9,25.0,0.0,3.2,10.5,4.1
Jassid,1990,14,,29.6,7.9,74.0,23.8,1.4,3.8,10.2,4
Jassid,1990,15,,40.0,20.0,36.1,11.3,0.0,6.2,10.4,11.6
Jassid,1990,16,,42.0,22.1,32.3,8.4,0.0,9,11.1,13.9
Jassid,1990,17,,42.5,24.0,31.3,11.6,0.0,6.6,10.4,14
Jassid,1990,18,,40.7,26.3,44.4,19.9,7.0,7.8,10.1,12.7
Jassid,1990,19,,37.2,23.8,63.6,35.7,7.2,9.3,6.3,9.3
Jassid,1990,20,,37.4,26.1,61.6,34.6,0.0,14.6,6.1,10.5
Jassid,1990,21,,37.3,23.0,83.1,42.1,85.2,9.9,8.8,8
Jassid,1990,22,,33.9,23.5,84.6,59.4,49.4,9.1,7.6,7.4
Jassid,1990,23,,35.1,23.4,85.9,58.0,184.2,9.1,4.9,4.7
Jassid,1990,24,,33.8,22.8,93.9,76.9,181.8,10.7,2.8,4
Jassid,1990,25,,30.6,23.0,86.1,62.9,25.8,10.9,3.7,4.4
Jassid,1990,26,1.25,32.6,23.2,84.3,58.6,11.4,9,4.7,6.1
Jassid,1990,27,1.25,31.8,23.2,81.7,53.1,1.8,11.7,4,6.2
Jassid,1990,28,1.44,32.6,23.3,84.3,51.6,2.2,16.1,4.2,8
Jassid,1990,29,1.42,31.8,22.8,84.0,61.1,66.4,12,4.1,6.1
Jassid,1990,30,1.59,29.5,21.6,87.9,64.3,71.4,11.7,4.4,5
Jassid,1990,31,1.88,33.0,22.5,79.9,48.0,0.0,10.3,8.3,7.1
Jassid,1990,32,1.92,30.9,22.6,89.9,69.0,139.8,6.7,4.9,3.9
Jassid,1990,33,2.39,27.9,22.2,90.9,81.0,134.1,12.9,1,2.9
Jassid,1990,34,2.07,29.6,21.9,85.0,65.0,98.2,11.6,4.8,3.8
Jassid,1990,35,2.02,28.6,21.7,88.1,71.4,136.0,10.5,3.6,4
Jassid,1990,36,1.69,31.0,21.8,88.4,56.4,48.7,8.6,7.4,4.8
Jassid,1990,37,1.72,31.3,21.9,83.4,54.0,9.9,9.1,8.1,5.8
Jassid,1990,38,1.51,33.2,22.0,77.4,44.1,0.0,6.8,9.2,7.7
Jassid,1990,39,1.67,30.8,22.2,91.4,68.1,150.2,7.4,6.6,4
Jassid,1990,40,1.65,32.1,21.6,85.6,58.3,33.5,8.5,6.6,6.4
Jassid,1990,41,1.45,29.8,21.5,92.3,63.9,137.6,4.3,5.6,4.4
Jassid,1990,42,1.47,31.9,17.0,84.9,32.3,0.0,4,10.3,5.4
Jassid,1990,43,1.55,29.2,19.7,86.1,62.0,123.2,7.2,5,4.4
Jassid,1990,44,1.25,29.9,18.2,78.4,46.7,6.0,5.4,9.3,6
Jassid,1990,45,1.4,31.4,15.8,81.0,33.0,0.0,4.2,10.5,6.9
Jassid,1990,46,1.38,31.1,18.2,75.0,42.9,0.0,5.5,8.2,6.4
Jassid,1990,47,1.34,30.4,15.9,80.0,36.3,0.0,5.1,8.6,6.5
Jassid,1990,48,1.31,31.7,17.5,82.4,40.7,0.0,3.5,9.1,5.7
Jassid,1990,49,1.44,30.3,16.7,85.9,41.3,0.0,4.4,7.8,5.4
Jassid,1990,50,1.37,29.2,12.9,77.6,34.0,0.0,4.2,9.2,5.5
Jassid,1990,51,1.21,28.3,11.7,80.6,28.4,0.0,3.7,9.5,5.6
Jassid,1990,52,0,28.9,10.2,81.5,30.4,0.0,3.8,9.7,5.2
Jassid,1991,1,,26.4,9.0,74.9,34.1,0.0,4.4,8.6,4.3
Jassid,1991,2,,30.3,12.7,79.4,35.3,0.0,3.6,9.4,5.3
Jassid,1991,3,,30.0,15.2,81.7,41.3,0.0,5,9.3,5.1
Jassid,1991,4,,32.1,14.7,75.9,31.7,0.0,3.1,9.9,5.6
Jassid,1991,5,,32.6,10.5,68.4,21.3,0.0,3.4,10.1,6.3
Jassid,1991,6,,33.5,15.3,72.4,27.3,0.0,3,9.6,6.3
Jassid,1991,7,,34.2,13.4,60.6,17.3,0.0,4.5,10.1,6.4
Jassid,1991,8,,34.5,15.6,59.4,20.1,0.0,5.1,10.2,6.9
Jassid,1991,9,,35.0,16.7,60.3,19.3,1.4,5.3,10.5,7.2
Jassid,1991,10,,36.3,17.4,49.0,18.9,0.0,4.8,10.5,7.7
Jassid,1991,11,,37.8,18.3,40.9,15.6,0.0,4.7,10.4,8.2
Jassid,1991,12,,38.2,18.6,40.9,14.4,0.0,5.3,9.7,9.4
Jassid,1991,13,,39.2,21.1,46.0,17.4,0.0,4,9.9,11.2
Jassid,1991,14,,36.7,21.2,72.9,29.9,8.5,7.3,8.5,8.4
Jassid,1991,15,,38.7,19.9,48.7,16.7,0.0,5.2,10.5,10.9
Jassid,1991,16,,41.5,22.8,35.6,17.7,0.0,7,11.3,12.9
Jassid,1991,17,,41.6,22.9,43.0,16.7,0.0,6.4,10.3,12.8
Jassid,1991,18,,41.8,24.7,48.3,18.7,0.0,10.3,10.8,13.4
Jassid,1991,19,,42.0,26.7,45.0,16.9,0.0,9.3,10.6,13.1
Jassid,1991,20,,43.2,26.5,36.0,11.9,0.0,7.6,9.9,13.4
Jassid,1991,21,,43.0,24.3,52.4,22.4,32.0,10.4,9,13.5
Jassid,1991,22,,41.8,25.9,51.9,18.0,0.0,9.1,9.8,11.4
Jassid,1991,23,,34.7,24.7,75.6,66.4,186.2,11.1,3.1,6.2
Jassid,1991,24,,33.2,24.0,83.1,50.4,40.0,12.9,6,5.7
Jassid,1991,25,,35.7,24.0,79.4,51.0,59.6,15.4,6.9,6.3
Jassid,1991,26,,34.4,23.8,85.1,47.7,6.4,7.2,6.5,5.9
Jassid,1991,27,,32.9,22.8,85.4,62.1,101.6,10.5,4.1,3.7
Jassid,1991,28,,29.7,22.8,90.0,82.7,162.0,8.3,2.3,2.2
Jassid,1991,29,0.13,30.6,22.6,85.1,59.6,40.0,9.4,3.3,5.1
Jassid,1991,30,1,32.0,22.6,82.0,62.3,21.7,12.3,4.4,5.1
Jassid,1991,31,0.6,32.1,22.7,80.4,48.9,3.2,11.5,5.5,5.5
Jassid,1991,32,1.87,31.2,22.2,82.3,55.9,1.0,10.6,5.4,5.4
Jassid,1991,33,2.47,29.8,22.3,87.3,66.1,54.0,10.3,2.8,4.8
Jassid,1991,34,1.87,31.5,22.6,80.1,54.0,0.0,12.7,5.1,5.7
Jassid,1991,35,1.2,32.2,21.8,80.9,46.1,0.0,9.6,6.3,5.3
Jassid,1991,36,1.13,33.3,22.6,80.9,46.6,22.0,8.2,7.8,6.4
Jassid,1991,37,2.33,34.6,21.4,75.1,35.6,0.0,5.7,9.7,7.6
Jassid,1991,38,3.4,34.3,23.3,77.6,44.7,3.0,6.9,5.5,6.6
Jassid,1991,39,1.6,35.1,22.2,77.7,35.0,0.0,4.9,6.2,5.5
Jassid,1991,40,0.73,35.5,21.4,66.3,30.0,0.0,4,10,6.8
Jassid,1991,41,0.6,35.8,19.8,63.0,25.3,0.0,4,9.8,7.6
Jassid,1991,42,0.67,35.1,18.7,62.9,26.4,0.0,4.2,10.2,6.6
Jassid,1991,43,1.33,33.7,13.8,62.0,19.0,0.0,5,10.5,6.3
Jassid,1991,44,1.6,32.4,15.6,62.9,26.7,0.0,7.9,8.2,6.2
Jassid,1991,45,2.67,32.3,13.6,64.0,26.3,0.0,4.5,9.5,6.8
Jassid,1991,46,3,30.3,17.1,71.3,39.7,0.0,7.8,5.3,6.1
Jassid,1991,47,6.2,29.6,16.4,83.1,42.7,0.0,5.3,7.6,5.8
Jassid,1991,48,5.2,31.9,13.0,67.1,26.6,0.0,2.3,10.1,6.3
Jassid,1991,49,,30.4,10.4,67.9,21.4,0.0,3,9.9,5.5
Jassid,1991,50,,28.7,9.3,68.4,25.4,0.0,4.6,9.5,5.4
Jassid,1991,51,,29.7,11.1,74.0,33.0,0.0,2.7,9,5.2
Jassid,1991,52,,27.9,11.4,68.6,32.4,0.0,4,9.6,4.6
PinkBollworm-Adult,2003,1,,28.7,13.6,70.3,36.1,0.0,4.6,9.3,4.7
PinkBollworm-Adult,2003,2,,30.0,13.5,78.9,33.4,0.0,3.8,9,4.4
PinkBollworm-Adult,2003,3,,28.4,8.1,74.4,23.9,0.0,3.5,9.2,4.7
PinkBollworm-Adult,2003,4,,33.0,13.4,67.7,29.6,0.0,3,10.1,5.5
PinkBollworm-Adult,2003,5,,33.3,14.8,73.0,27.0,5.1,3.4,10.3,5.7
PinkBollworm-Adult,2003,6,,32.2,15.3,74.4,31.4,3.7,3.3,10.4,5.3
PinkBollworm-Adult,2003,7,,35.0,16.3,70.0,27.6,0.0,3.9,10.7,6.7
PinkBollworm-Adult,2003,8,,34.1,14.6,66.7,25.9,0.0,3.6,10.8,6.7
PinkBollworm-Adult,2003,9,,36.1,16.7,55.9,23.4,0.0,3.2,10.9,7.4
PinkBollworm-Adult,2003,10,,35.2,14.1,45.0,19.3,0.0,4.7,10.2,8.4
PinkBollworm-Adult,2003,11,,37.0,17.4,53.7,28.3,0.0,4,10.6,8.6
PinkBollworm-Adult,2003,12,,37.3,20.1,61.9,31.1,6.0,4.1,11.1,8.6
PinkBollworm-Adult,2003,13,,39.3,19.5,50.0,23.3,0.0,4.6,11.2,9.5
PinkBollworm-Adult,2003,14,,39.3,22.2,46.7,22.0,0.0,6.3,9.1,11
PinkBollworm-Adult,2003,15,,39.2,23.0,47.3,29.7,25.6,4.4,10.4,9.9
PinkBollworm-Adult,2003,16,,41.2,23.1,37.9,17.1,0.0,4.8,11.9,11.6
PinkBollworm-Adult,2003,17,,42.0,25.5,39.6,16.3,0.0,5.2,10.9,12.2
PinkBollworm-Adult,2003,18,,41.8,22.7,39.7,16.9,0.0,6,12.1,12.3
PinkBollworm-Adult,2003,19,,42.0,22.4,41.6,15.9,0.0,5.7,11.2,12.4
PinkBollworm-Adult,2003,20,,43.6,26.3,45.0,17.7,0.0,10,10.9,14.2
PinkBollworm-Adult,2003,21,,42.0,26.6,48.7,21.3,0.0,10.1,12.4,14.2
PinkBollworm-Adult,2003,22,,42.5,27.5,46.6,19.9,0.0,8.6,10.3,13.5
PinkBollworm-Adult,2003,23,,41.8,27.8,52.1,25.7,0.0,11.3,11.6,14.5
PinkBollworm-Adult,2003,24,,36.1,23.5,78.7,56.0,48.0,6.5,7.8,8.1
PinkBollworm-Adult,2003,25,,34.3,23.5,84.4,68.6,18.0,7.6,5.9,6
PinkBollworm-Adult,2003,26,,32.4,23.3,79.4,49.7,13.2,7.2,4.3,4.5
PinkBollworm-Adult,2003,27,,32.5,23.0,88.3,64.1,121.6,5.5,6.1,4.3
PinkBollworm-Adult,2003,28,,32.2,23.0,91.3,65.1,112.5,5.7,7.3,4.6
PinkBollworm-Adult,2003,29,,29.0,22.8,96.1,77.6,147.8,4.2,2.8,3.3
PinkBollworm-Adult,2003,30,,29.5,22.7,90.7,75.9,34.9,5.5,1.6,4
PinkBollworm-Adult,2003,31,,30.9,22.4,83.3,65.0,12.3,5.3,5.4,4.1
PinkBollworm-Adult,2003,32,0,29.2,22.8,89.4,75.9,30.9,5.9,3.6,3.2
PinkBollworm-Adult,2003,33,0,31.2,21.9,86.3,59.6,7.0,6,6.6,4.9
PinkBollworm-Adult,2003,34,0,29.4,21.7,90.1,75.9,75.8,6.4,4.7,3.6
PinkBollworm-Adult,2003,35,0,29.7,21.5,84.0,71.6,27.1,4.9,6.2,4.3
PinkBollworm-Adult,2003,36,0,30.5,21.3,86.0,62.3,9.4,5.8,5.4,4.8
PinkBollworm-Adult,2003,37,0,31.9,21.3,78.1,57.3,1.4,6.5,9.2,5.7
PinkBollworm-Adult,2003,38,3,32.6,22.6,85.0,58.4,9.3,5.2,7.2,5.5
PinkBollworm-Adult,2003,39,2,30.8,22.2,88.9,62.3,8.8,3.8,4.9,4.3
PinkBollworm-Adult,2003,40,5,33.0,20.5,72.1,53.1,11.4,5.5,10.2,6
PinkBollworm-Adult,2003,41,7,33.6,18.8,78.3,47.3,1.2,3.6,9.2,5.6
PinkBollworm-Adult,2003,42,14,33.9,14.8,71.7,36.0,2.5,9,10.6,5.8
PinkBollworm-Adult,2003,43,13,32.2,16.1,74.9,44.6,0.0,4.9,9.3,6
PinkBollworm-Adult,2003,44,14,32.1,17.4,78.4,50.4,33.9,3.8,7.2,5.2
PinkBollworm-Adult,2003,45,17,32.2,13.0,80.6,30.1,0.0,3.7,10.5,5.6
PinkBollworm-Adult,2003,46,21,31.6,13.4,78.6,32.3,0.0,3.2,10.7,5.3
PinkBollworm-Adult,2003,47,28,31.6,12.2,76.4,34.6,0.0,4,10.7,5.5
PinkBollworm-Adult,2003,48,34,31.6,13.4,81.6,35.4,0.0,3.1,9.8,4.8
PinkBollworm-Adult,2003,49,42,30.9,9.9,74.1,34.3,0.0,2.9,10.5,4.1
PinkBollworm-Adult,2003,50,40,30.6,10.0,77.7,30.3,0.0,3.8,10.3,4.7
PinkBollworm-Adult,2003,51,44,28.7,8.6,80.0,32.6,0.0,3.4,10.5,4.3
PinkBollworm-Adult,2003,52,44,28.0,11.2,81.4,38.4,0.0,4.6,9.1,4.3
PinkBollworm-Damage,2001,1,,26.9,10.8,75.0,42.7,0.0,3.5,8.2,3.7
PinkBollworm-Damage,2001,2,,30.2,14.2,62.3,30.4,0.0,3.8,10,4
PinkBollworm-Damage,2001,3,,31.3,15.9,71.6,33.3,0.0,3.5,9.3,4.3
PinkBollworm-Damage,2001,4,,30.3,8.6,70.3,26.4,0.0,3.2,10.5,4.1
PinkBollworm-Damage,2001,5,,32.3,11.7,72.7,29.6,0.0,2.6,9.9,4.6
PinkBollworm-Damage,2001,6,,33.6,9.5,71.4,23.9,0.0,3.6,11.3,5.1
PinkBollworm-Damage,2001,7,,33.7,12.1,66.0,23.9,0.0,3.2,11,5.1
PinkBollworm-Damage,2001,8,,35.3,13.8,64.7,25.7,0.0,3.5,11.2,5.7
PinkBollworm-Damage,2001,9,,35.4,16.4,59.7,28.1,0.0,5.6,11.1,5.8
PinkBollworm-Damage,2001,10,,34.8,16.6,55.1,25.6,0.0,5.5,10.6,5.7
PinkBollworm-Damage,2001,11,,36.1,17.8,55.0,21.7,0.0,4.8,10.7,6.2
PinkBollworm-Damage,2001,12,,37.7,20.1,49.0,19.6,0.0,4.7,10.7,6.8
PinkBollworm-Damage,2001,13,,37.6,17.2,47.3,15.0,0.0,5.6,11.6,6.7
PinkBollworm-Damage,2001,14,,37.7,20.5,60.0,30.9,11.0,5.3,9.1,6.4
PinkBollworm-Damage,2001,15,,36.4,21.1,45.9,26.9,0.0,5.5,8.6,6.6
PinkBollworm-Damage,2001,16,,38.1,21.9,37.4,18.6,0.0,5.5,11.5,6.9
PinkBollworm-Damage,2001,17,,41.6,23.5,34.7,15.4,0.0,4.1,11.4,9.8
PinkBollworm-Damage,2001,18,,43.3,24.5,33.3,17.4,0.0,5.3,11.6,12.4
PinkBollworm-Damage,2001,19,,42.7,25.2,35.0,20.7,0.0,9.8,12,12.4
PinkBollworm-Damage,2001,20,,40.0,26.6,43.4,23.9,0.8,8.8,11,9
PinkBollworm-Damage,2001,21,,39.4,25.8,46.9,25.3,0.0,7.9,10.4,9.4
PinkBollworm-Damage,2001,22,,39.1,25.9,49.7,27.6,0.5,10.2,11.7,11.4
PinkBollworm-Damage,2001,23,,36.3,24.6,76.3,42.7,52.9,7.1,6.8,7.3
PinkBollworm-Damage,2001,24,,30.5,22.5,86.1,61.3,84.4,7.7,4.3,4.3
PinkBollworm-Damage,2001,25,,33.7,23.5,75.6,46.3,2.0,10.3,7.1,7
PinkBollworm-Damage,2001,26,,35.0,24.0,72.6,42.3,1.5,12.3,8.4,9.3
PinkBollworm-Damage,2001,27,,33.1,23.4,71.9,49.6,1.4,9.2,5.4,7
PinkBollworm-Damage,2001,28,,31.9,23.2,76.1,56.4,14.0,8.2,2.9,5.3
PinkBollworm-Damage,2001,29,,30.6,22.6,75.4,56.7,28.8,8.4,1.6,4.5
PinkBollworm-Damage,2001,30,,31.6,22.6,80.1,59.0,50.6,4.7,5.5,4.3
PinkBollworm-Damage,2001,31,,29.8,22.6,84.3,70.7,159.1,4.6,2.3,3.6
PinkBollworm-Damage,2001,32,,27.9,22.1,88.1,75.9,150.8,5.9,2.3,2.5
PinkBollworm-Damage,2001,33,,29.1,21.6,84.9,71.1,46.2,5.8,2.1,2.5
PinkBollworm-Damage,2001,34,,27.6,21.9,83.0,75.0,37.4,5,1.6,2.2
PinkBollworm-Damage,2001,35,,30.9,21.1,74.7,56.7,0.0,7.1,8,3.8
PinkBollworm-Damage,2001,36,,31.9,22.0,80.7,55.7,20.6,4.3,6.8,4.2
PinkBollworm-Damage,2001,37,,33.1,22.6,76.6,54.0,0.0,3.6,8.3,5
PinkBollworm-Damage,2001,38,,33.1,21.7,78.1,63.3,22.5,3.6,7.2,4
PinkBollworm-Damage,2001,39,,34.4,21.7,80.0,50.6,15.2,4.2,8.6,5.4
PinkBollworm-Damage,2001,40,,30.0,22.2,80.1,71.9,217.0,6.4,5.3,4.1
PinkBollworm-Damage,2001,41,,31.3,21.9,89.7,59.9,59.0,4.1,7.2,2.6
PinkBollworm-Damage,2001,42,,32.1,20.1,73.7,52.4,0.0,4.6,7.8,4.6
PinkBollworm-Damage,2001,43,0,32.7,14.1,71.0,35.3,0.0,3.3,10.9,4.1
PinkBollworm-Damage,2001,44,16,32.5,14.2,70.7,34.1,0.0,3.3,10.9,4.2
PinkBollworm-Damage,2001,45,4,32.3,15.5,67.6,34.7,0.0,4.5,10.6,4
PinkBollworm-Damage,2001,46,17,31.8,14.3,66.0,36.6,0.0,3.7,10.5,4
PinkBollworm-Damage,2001,47,26,31.5,13.2,68.4,35.3,0.0,2.6,10.4,3.6
PinkBollworm-Damage,2001,48,30,29.4,11.0,66.4,28.4,0.0,3.3,10.4,3.5
PinkBollworm-Damage,2001,49,0,30.9,9.4,68.7,25.4,0.0,1.7,10.7,3.4
PinkBollworm-Damage,2001,50,0,31.4,11.0,79.7,28.4,0.0,2.2,10.6,3.1
PinkBollworm-Damage,2001,51,0,29.2,8.9,69.1,28.4,0.0,3.8,10.4,3.9
PinkBollworm-Damage,2001,52,0,28.9,9.8,78.6,30.9,0.0,2.8,10,3.7
PinkBollworm-Damage,2003,1,,28.7,13.6,70.3,36.1,0.0,4.6,9.3,4.7
PinkBollworm-Damage,2003,2,,30.0,13.5,78.9,33.4,0.0,3.8,9,4.4
PinkBollworm-Damage,2003,3,,28.4,8.1,74.4,23.9,0.0,3.5,9.2,4.7
PinkBollworm-Damage,2003,4,,33.0,13.4,67.7,29.6,0.0,3,10.1,5.5
PinkBollworm-Damage,2003,5,,33.3,14.8,73.0,27.0,5.1,3.4,10.3,5.7
PinkBollworm-Damage,2003,6,,32.2,15.3,74.4,31.4,3.7,3.3,10.4,5.3
PinkBollworm-Damage,2003,7,,35.0,16.3,70.0,27.6,0.0,3.9,10.7,6.7
PinkBollworm-Damage,2003,8,,34.1,14.6,66.7,25.9,0.0,3.6,10.8,6.7
PinkBollworm-Damage,2003,9,,36.1,16.7,55.9,23.4,0.0,3.2,10.9,7.4
PinkBollworm-Damage,2003,10,,35.2,14.1,45.0,19.3,0.0,4.7,10.2,8.4
PinkBollworm-Damage,2003,11,,37.0,17.4,53.7,28.3,0.0,4,10.6,8.6
PinkBollworm-Damage,2003,12,,37.3,20.1,61.9,31.1,6.0,4.1,11.1,8.6
PinkBollworm-Damage,2003,13,,39.3,19.5,50.0,23.3,0.0,4.6,11.2,9.5
PinkBollworm-Damage,2003,14,,39.3,22.2,46.7,22.0,0.0,6.3,9.1,11
PinkBollworm-Damage,2003,15,,39.2,23.0,47.3,29.7,25.6,4.4,10.4,9.9
PinkBollworm-Damage,2003,16,,41.2,23.1,37.9,17.1,0.0,4.8,11.9,11.6
PinkBollworm-Damage,2003,17,,42.0,25.5,39.6,16.3,0.0,5.2,10.9,12.2
PinkBollworm-Damage,2003,18,,41.8,22.7,39.7,16.9,0.0,6,12.1,12.3
PinkBollworm-Damage,2003,19,,42.0,22.4,41.6,15.9,0.0,5.7,11.2,12.4
PinkBollworm-Damage,2003,20,,43.6,26.3,45.0,17.7,0.0,10,10.9,14.2
PinkBollworm-Damage,2003,21,,42.0,26.6,48.7,21.3,0.0,10.1,12.4,14.2
PinkBollworm-Damage,2003,22,,42.5,27.5,46.6,19.9,0.0,8.6,10.3,13.5
PinkBollworm-Damage,2003,23,,41.8,27.8,52.1,25.7,0.0,11.3,11.6,14.5
PinkBollworm-Damage,2003,24,,36.1,23.5,78.7,56.0,48.0,6.5,7.8,8.1
PinkBollworm-Damage,2003,25,,34.3,23.5,84.4,68.6,18.0,7.6,5.9,6
PinkBollworm-Damage,2003,26,,32.4,23.3,79.4,49.7,13.2,7.2,4.3,4.5
PinkBollworm-Damage,2003,27,,32.5,23.0,88.3,64.1,121.6,5.5,6.1,4.3
PinkBollworm-Damage,2003,28,,32.2,23.0,91.3,65.1,112.5,5.7,7.3,4.6
PinkBollworm-Damage,2003,29,,29.0,22.8,96.1,77.6,147.8,4.2,2.8,3.3
PinkBollworm-Damage,2003,30,,29.5,22.7,90.7,75.9,34.9,5.5,1.6,4
PinkBollworm-Damage,2003,31,,30.9,22.4,83.3,65.0,12.3,5.3,5.4,4.1
PinkBollworm-Damage,2003,32,,29.2,22.8,89.4,75.9,30.9,5.9,3.6,3.2
PinkBollworm-Damage,2003,33,,31.2,21.9,86.3,59.6,7.0,6,6.6,4.9
PinkBollworm-Damage,2003,34,,29.4,21.7,90.1,75.9,75.8,6.4,4.7,3.6
PinkBollworm-Damage,2003,35,,29.7,21.5,84.0,71.6,27.1,4.9,6.2,4.3
PinkBollworm-Damage,2003,36,,30.5,21.3,86.0,62.3,9.4,5.8,5.4,4.8
PinkBollworm-Damage,2003,37,,31.9,21.3,78.1,57.3,1.4,6.5,9.2,5.7
PinkBollworm-Damage,2003,38,0,32.6,22.6,85.0,58.4,9.3,5.2,7.2,5.5
PinkBollworm-Damage,2003,39,3.33,30.8,22.2,88.9,62.3,8.8,3.8,4.9,4.3
PinkBollworm-Damage,2003,40,13.75,33.0,20.5,72.1,53.1,11.4,5.5,10.2,6
PinkBollworm-Damage,2003,41,14.21,33.6,18.8,78.3,47.3,1.2,3.6,9.2,5.6
PinkBollworm-Damage,2003,42,12.75,33.9,14.8,71.7,36.0,2.5,9,10.6,5.8
PinkBollworm-Damage,2003,43,17.85,32.2,16.1,74.9,44.6,0.0,4.9,9.3,6
PinkBollworm-Damage,2003,44,11.66,32.1,17.4,78.4,50.4,33.9,3.8,7.2,5.2
PinkBollworm-Damage,2003,45,4.65,32.2,13.0,80.6,30.1,0.0,3.7,10.5,5.6
PinkBollworm-Damage,2003,46,0,31.6,13.4,78.6,32.3,0.0,3.2,10.7,5.3
PinkBollworm-Damage,2003,47,0,31.6,12.2,76.4,34.6,0.0,4,10.7,5.5
PinkBollworm-Damage,2003,48,2.6,31.6,13.4,81.6,35.4,0.0,3.1,9.8,4.8
PinkBollworm-Damage,2003,49,0.05,30.9,9.9,74.1,34.3,0.0,2.9,10.5,4.1
PinkBollworm-Damage,2003,50,0,30.6,10.0,77.7,30.3,0.0,3.8,10.3,4.7
PinkBollworm-Damage,2003,51,0.2,28.7,8.6,80.0,32.6,0.0,3.4,10.5,4.3
PinkBollworm-Damage,2003,52,0.05,28.0,11.2,81.4,38.4,0.0,4.6,9.1,4.3
SpottedBollworm-Damage,1999,1,,28.0,7.9,79.6,29.9,0.0,2.4,10.2,4.2
SpottedBollworm-Damage,1999,2,,26.4,7.0,71.0,30.0,0.0,2.2,10.4,4.1
SpottedBollworm-Damage,1999,3,,28.7,9.1,77.7,29.1,0.0,2.1,10.4,4.4
SpottedBollworm-Damage,1999,4,,30.7,11.0,73.6,27.6,0.0,1.7,10.7,4.8
SpottedBollworm-Damage,1999,5,,30.5,11.7,73.9,27.1,0.0,1.1,10.9,4.2
SpottedBollworm-Damage,1999,6,,30.5,15.6,83.1,39.6,0.0,5.2,10,4.9
SpottedBollworm-Damage,1999,7,,32.1,14.8,77.4,36.4,0.0,3.9,10.7,5.3
SpottedBollworm-Damage,1999,8,,34.5,14.7,65.9,31.6,0.0,3.4,11.2,6
SpottedBollworm-Damage,1999,9,,35.5,15.8,68.7,29.4,0.0,4.1,11.2,6.6
SpottedBollworm-Damage,1999,10,,36.3,16.5,59.9,27.6,0.0,3.4,11.5,6.7
SpottedBollworm-Damage,1999,11,,36.7,17.9,50.6,24.3,0.0,4.4,11.3,7.1
SpottedBollworm-Damage,1999,12,,37.4,17.6,46.9,23.6,0.0,4.4,11.3,7.6
SpottedBollworm-Damage,1999,13,,39.5,16.1,46.7,17.3,0.0,4.7,12,8.7
SpottedBollworm-Damage,1999,14,,40.4,19.7,46.1,14.4,0.0,3.5,11.4,9.5
SpottedBollworm-Damage,1999,15,,42.1,21.4,42.3,16.7,0.0,5.8,11.8,10.9
SpottedBollworm-Damage,1999,16,,40.8,19.2,44.4,17.9,0.0,5.6,12,12
SpottedBollworm-Damage,1999,17,,41.9,24.5,41.4,17.4,0.0,6.3,11.8,11.8
SpottedBollworm-Damage,1999,18,,43.0,24.0,43.9,18.0,0.0,6.2,12.1,13.5
SpottedBollworm-Damage,1999,19,,39.6,25.4,51.7,25.4,0.0,6.8,8.6,11.5
SpottedBollworm-Damage,1999,20,,39.6,25.9,48.7,27.0,0.0,6.9,10.1,10.3
SpottedBollworm-Damage,1999,21,,35.8,24.1,68.7,39.3,10.4,8.6,7.5,7.4
SpottedBollworm-Damage,1999,22,,37.1,24.6,60.6,32.6,0.0,10.4,10,8.4
SpottedBollworm-Damage,1999,23,,38.3,25.5,57.3,32.3,41.8,10.5,10.8,10.4
SpottedBollworm-Damage,1999,24,,31.3,22.6,89.7,70.3,47.4,7.4,3.3,4.5
SpottedBollworm-Damage,1999,25,,29.8,22.8,84.4,70.3,73.0,9.8,4.4,4
SpottedBollworm-Damage,1999,26,,32.7,23.1,71.6,49.0,0.0,8.1,9.9,5.9
SpottedBollworm-Damage,1999,27,,32.2,23.3,77.0,57.6,107.0,6.3,5.8,4.7
SpottedBollworm-Damage,1999,28,,31.4,23.3,85.3,61.4,21.0,7,4.6,4.1
SpottedBollworm-Damage,1999,29,,30.0,22.8,85.0,67.3,23.8,6.7,2.7,3.1
SpottedBollworm-Damage,1999,30,,30.7,22.9,78.9,59.6,3.6,8.6,2.7,4.7
SpottedBollworm-Damage,1999,31,,28.1,21.9,88.6,71.9,120.8,6,1.7,2.7
SpottedBollworm-Damage,1999,32,,28.3,21.8,81.7,75.1,26.4,6,2.8,3.6
SpottedBollworm-Damage,1999,33,13.15,31.1,22.5,73.3,59.7,12.0,6.1,8.5,5.2
SpottedBollworm-Damage,1999,34,2.63,31.8,22.4,72.3,54.0,0.0,5.2,6.2,4.9
SpottedBollworm-Damage,1999,35,5.15,31.4,22.2,84.3,53.3,158.6,6.4,5.1,3.9
SpottedBollworm-Damage,1999,36,3.5,29.4,21.4,86.6,70.1,128.2,6.4,5.4,3.3
SpottedBollworm-Damage,1999,37,10.57,28.7,21.4,88.0,68.3,45.1,7,2.8,3.2
SpottedBollworm-Damage,1999,38,6.97,29.5,22.0,85.3,62.9,34.8,6.8,4.7,4.6
SpottedBollworm-Damage,1999,39,6.06,30.9,22.9,83.3,56.7,16.7,4.2,6,4.8
SpottedBollworm-Damage,1999,40,1.51,31.1,21.8,83.6,58.0,5.4,4.1,7.6,4.7
SpottedBollworm-Damage,1999,41,6.32,31.7,21.2,83.9,56.1,69.2,4.3,8.2,4.3
SpottedBollworm-Damage,1999,42,5.59,31.4,17.7,74.4,44.6,0.0,4.5,10.3,4.8
SpottedBollworm-Damage,1999,43,5.67,31.1,16.5,75.7,47.3,0.0,4.6,9.6,4.9
SpottedBollworm-Damage,1999,44,5.77,32.0,14.3,76.7,33.9,0.0,4.3,10.1,4.8
SpottedBollworm-Damage,1999,45,3.71,32.5,15.4,74.3,37.0,0.0,2.6,11.1,5.5
SpottedBollworm-Damage,1999,46,1.35,31.3,11.6,74.4,32.4,0.0,3.7,10.9,4.7
SpottedBollworm-Damage,1999,47,2.94,28.6,10.0,75.1,24.4,0.0,4.4,10,4.4
SpottedBollworm-Damage,1999,48,6.47,29.6,9.4,75.1,25.4,0.0,3.6,10.6,4.1
SpottedBollworm-Damage,1999,49,2.86,28.7,10.0,76.3,35.4,0.0,2.8,10.3,3.7
SpottedBollworm-Damage,1999,50,5.33,26.9,8.1,81.0,28.7,0.0,3.8,9.4,3.6
SpottedBollworm-Damage,1999,51,6.5,27.6,6.4,79.0,24.4,0.0,3.5,10.9,3.6
SpottedBollworm-Damage,1999,52,7.2,28.9,10.7,74.9,28.9,0.0,2.6,10.4,4.1
Thrips,1986,1,,30.4,10.4,67.9,21.4,0.0,3,9.9,5.5
Thrips,1986,2,,28.7,9.3,68.4,25.4,0.0,4.6,9.5,5.4
Thrips,1986,3,,29.7,11.1,74.0,33.0,0.0,2.7,9,5.2
Thrips,1986,4,,27.9,11.4,68.6,32.4,0.0,4,9.6,4.6
Thrips,1986,5,,32.4,14.5,60.0,23.9,0.0,5.9,11,5.3
Thrips,1986,6,,32.1,16.7,74.6,36.9,22.0,8,10.2,6.8
Thrips,1986,7,,31.7,15.7,75.7,30.7,0.0,7.1,10.9,5.7
Thrips,1986,8,,33.1,18.8,78.4,33.9,4.3,7.9,10.6,6.3
Thrips,1986,9,,34.6,18.5,55.4,20.7,0.0,8.7,11.2,9.4
Thrips,1986,10,,37.0,21.5,55.9,21.6,0.0,7.9,10.4,9
Thrips,1986,11,,38.2,18.9,37.4,17.0,0.0,7.3,10.5,10.6
Thrips,1986,12,,38.1,16.3,32.3,14.3,0.0,7.4,11.6,11.4
Thrips,1986,13,,39.8,20.7,31.3,14.0,0.0,9.7,11.4,13.1
Thrips,1986,14,,39.4,18.1,27.4,12.0,0.0,7.2,12.1,11.9
Thrips,1986,15,,41.8,25.6,29.9,16.1,0.0,7.4,9.8,11.2
Thrips,1986,16,,42.4,23.8,40.4,15.9,0.0,10.4,11.8,15.7
Thrips,1986,17,,41.2,23.9,39.3,17.0,0.0,8.8,11.8,11.9
Thrips,1986,18,,42.1,25.3,51.3,18.3,0.0,9,10.6,12.2
Thrips,1986,19,,42.6,25.5,40.9,17.6,0.0,11.3,10.9,14.9
Thrips,1986,20,,43.4,25.9,53.1,19.9,0.0,19.5,11.7,17.6
Thrips,1986,21,,41.9,26.1,47.3,19.9,0.0,12.9,11.5,15.8
Thrips,1986,22,,40.3,25.3,56.7,29.3,15.1,12.8,9.5,14.1
Thrips,1986,23,,39.6,24.4,69.0,35.7,35.5,15.4,8.5,9.6
Thrips,1986,24,,35.2,23.4,83.6,44.4,56.2,15.2,6.9,7.8
Thrips,1986,25,,31.6,23.3,81.7,60.0,11.6,15.6,2.7,4.9
Thrips,1986,26,,31.9,23.3,77.6,51.0,5.2,17.2,2.7,6.5
Thrips,1986,27,,36.5,24.7,71.0,38.1,0.0,17.1,7.1,11
Thrips,1986,28,,34.8,24.4,71.0,53.3,17.6,18.1,4.3,7.5
Thrips,1986,29,0.46,28.5,22.7,89.7,75.7,125.6,19,1.6,3.4
Thrips,1986,30,1.43,29.9,21.9,85.9,51.0,28.2,15.2,7.1,4.9
Thrips,1986,31,1.93,33.0,23.5,83.6,54.9,11.2,13,8.3,6.6
Thrips,1986,32,7.66,29.5,22.6,91.4,75.1,113.4,13.5,2,2.8
Thrips,1986,33,10.3,29.1,21.9,86.6,66.0,24.4,18.5,5.8,4.1
Thrips,1986,34,23.4,31.9,21.6,85.3,46.1,1.0,12.9,7.4,7.1
Thrips,1986,35,14.1,33.3,21.7,79.3,46.3,5.5,8.2,10.7,7
Thrips,1986,36,17.43,32.3,22.1,83.3,48.6,11.2,8.7,7.6,6.1
Thrips,1986,37,8.06,32.5,22.3,77.4,49.4,5.4,8.6,6.1,6
Thrips,1986,38,11.46,34.0,22.9,84.1,55.7,53.0,6.7,8.7,6
Thrips,1986,39,4.66,34.9,21.7,82.7,42.0,13.0,6.2,10.7,7
Thrips,1986,40,2.1,34.8,21.6,77.1,40.6,0.0,5.7,10.3,6.8
Thrips,1986,41,3.1,37.1,19.2,63.0,19.7,0.0,4.1,11.2,7.7
Thrips,1986,42,1.8,36.9,18.6,53.9,20.0,0.0,4.7,10.9,8
Thrips,1986,43,1.86,34.3,14.8,59.3,22.0,0.0,5,11.5,7
Thrips,1986,44,1.2,32.8,17.2,57.4,29.3,0.0,7.6,10.6,8.1
Thrips,1986,45,1.46,31.8,20.2,86.1,47.6,11.8,6.7,10.5,4.9
Thrips,1986,46,1.36,33.9,14.9,64.0,25.6,0.0,4.2,11.1,6
Thrips,1986,47,0.9,31.3,10.2,64.7,19.9,0.0,5,11.1,6.3
Thrips,1986,48,1.2,30.8,11.0,66.6,25.6,0.0,6.1,10.8,5.9
Thrips,1986,49,,30.7,8.8,63.7,30.7,0.0,5.5,10.9,5.9
Thrips,1986,50,,31.3,16.1,73.4,48.3,5.8,6.2,10,5.3
Thrips,1986,51,,31.7,13.6,67.9,53.0,0.0,6.1,10.7,6.1
Thrips,1986,52,,25.8,13.4,91.3,58.5,48.2,7.4,8.1,3.1
Thrips,1989,1,,30.9,22.9,83.3,56.7,16.7,4.2,6,4.8
Thrips,1989,2,,31.1,21.8,83.6,58.0,5.4,4.1,7.6,4.7
Thrips,1989,3,,31.7,21.2,83.9,56.1,69.2,4.3,8.2,4.3
Thrips,1989,4,,31.4,17.7,74.4,44.6,0.0,4.5,10.3,4.8
Thrips,1989,5,,31.1,16.5,75.7,47.3,0.0,4.6,9.6,4.9
Thrips,1989,6,,32.0,14.3,76.7,33.9,0.0,4.3,10.1,4.8
Thrips,1989,7,,32.5,15.4,74.3,37.0,0.0,2.6,11.1,5.5
Thrips,1989,8,,31.3,11.6,74.4,32.4,0.0,3.7,10.9,4.7
Thrips,1989,9,,28.6,10.0,75.1,24.4,0.0,4.4,10,4.4
Thrips,1989,10,,29.6,9.4,75.1,25.4,0.0,3.6,10.6,4.1
Thrips,1989,11,,28.7,10.0,76.3,35.4,0.0,2.8,10.3,3.7
Thrips,1989,12,,26.9,8.1,81.0,28.7,0.0,3.8,9.4,3.6
Thrips,1989,13,,27.6,6.4,79.0,24.4,0.0,3.5,10.9,3.6
Thrips,1989,14,,28.9,10.7,74.9,28.9,0.0,2.6,10.4,4.1
Thrips,1989,15,,40.1,19.7,32.6,9.3,0.0,6.3,10.7,12.8
Thrips,1989,16,,40.6,23.7,37.1,15.0,0.0,7.5,9.4,12
Thrips,1989,17,,41.1,23.3,35.6,14.6,0.0,8.5,10.8,13
Thrips,1989,18,,38.7,24.2,45.9,23.3,1.2,8.4,8.3,11.6
Thrips,1989,19,,39.3,23.1,26.6,7.9,0.0,8.7,10.3,13
Thrips,1989,20,,40.8,28.0,39.1,10.9,0.0,13.5,9.8,17.6
Thrips,1989,21,,40.9,26.1,45.6,17.7,0.0,16.7,10.5,19.2
Thrips,1989,22,,41.0,26.2,56.6,30.3,8.0,13.5,7.9,13.6
Thrips,1989,23,,39.5,24.5,78.6,42.9,13.4,9.7,8.6,8.9
Thrips,1989,24,,44.9,23.6,81.6,59.7,35.5,12.5,4.5,9.8
Thrips,1989,25,,44.3,23.3,81.0,45.0,77.0,12.7,6.5,8.9
Thrips,1989,26,,39.4,22.2,88.6,67.3,151.0,15,3.6,4.3
Thrips,1989,27,,32.2,22.8,85.0,54.1,4.0,11.7,3.7,5.6
Thrips,1989,28,,33.2,22.9,81.1,51.1,27.0,10.1,7,6.9
Thrips,1989,29,,30.9,22.4,87.7,82.0,161.1,12.2,5.2,4.1
Thrips,1989,30,,30.1,22.4,85.6,69.6,255.2,13.6,4,4.2
Thrips,1989,31,,31.8,22.0,78.9,49.7,1.2,13.7,5.8,6.5
Thrips,1989,32,1.15,30.0,22.3,84.9,71.7,13.1,14.5,1,5.6
Thrips,1989,33,1.97,28.9,21.2,89.0,68.9,204.8,12.9,4.5,3.6
Thrips,1989,34,1.06,28.4,22.0,87.1,74.3,67.9,11,3,3.8
Thrips,1989,35,1.14,29.8,21.6,88.7,70.7,181.6,10,5.6,4.2
Thrips,1989,36,1.92,31.2,21.5,87.1,55.3,0.0,6.3,8,6
Thrips,1989,37,1.79,33.2,22.3,86.6,52.9,21.6,10.9,5.5,5.2
Thrips,1989,38,1.05,33.2,22.7,84.6,53.6,15.2,6,8.5,5.5
Thrips,1989,39,1.76,32.6,22.3,89.7,58.4,31.4,5.2,7.2,5.9
Thrips,1989,40,1.09,33.4,20.5,84.6,38.4,8.0,4.5,8.2,5.7
Thrips,1989,41,1.05,35.6,17.8,73.3,24.9,0.0,4.2,9.4,7
Thrips,1989,42,1.05,34.7,16.9,67.1,23.9,0.0,4.2,10.2,6.5
Thrips,1989,43,1.22,33.5,16.8,75.1,35.1,0.0,4.3,9.8,6.2
Thrips,1989,44,0,32.9,15.3,72.7,27.1,0.0,3.8,9.8,5.6
Thrips,1989,45,1,32.7,14.7,71.6,29.3,0.0,5.2,9.4,6.4
Thrips,1989,46,1,32.2,16.0,79.1,37.9,0.0,4.2,8.7,5.9
Thrips,1989,47,1,32.5,13.5,75.7,26.6,0.0,2.8,9.9,5.5
Thrips,1989,48,1,31.4,12.2,73.9,27.1,0.0,4.2,10,5.8
Thrips,1989,49,1,29.3,9.9,73.7,23.6,0.0,4.1,9.9,5.5
Thrips,1989,50,1,28.3,8.4,78.4,26.1,0.0,4.5,9.9,4.7
Thrips,1989,51,1,29.0,11.5,77.1,29.4,0.0,3.7,9.6,5.4
Thrips,1989,52,1,28.0,17.4,83.0,53.4,5.2,5.8,4.8,4.8
Whitefly,1988,1,,29.1,9.1,81.4,30.6,0.0,3.7,10.7,4.3
Whitefly,1988,2,,30.4,12.0,79.4,30.6,0.0,3.6,10.2,3.8
Whitefly,1988,3,,32.3,13.2,73.9,28.1,0.0,3.4,10.8,4.8
Whitefly,1988,4,,32.5,13.9,63.7,25.7,0.0,3.8,10.6,5.1
Whitefly,1988,5,,33.8,12.8,63.3,17.3,0.0,4.1,11.2,6.1
Whitefly,1988,6,,33.7,12.1,49.4,15.6,0.0,4.2,10.8,6.4
Whitefly,1988,7,,34.0,16.4,54.6,23.3,0.0,5.4,10,6.4
Whitefly,1988,8,,35.0,16.7,53.0,20.0,0.0,5.9,11.2,7.7
Whitefly,1988,9,,34.7,14.6,42.4,12.6,0.0,5.3,9.4,6.8
Whitefly,1988,10,,37.0,17.9,44.1,16.6,0.0,5.6,10.8,8.5
Whitefly,1988,11,,38.9,20.4,38.4,15.3,0.0,5.7,11.3,9.2
Whitefly,1988,12,,37.3,14.9,23.9,7.6,0.0,6.4,11.8,10.4
Whitefly,1988,13,,37.9,17.0,29.7,10.9,0.0,6.6,11.9,10.3
Whitefly,1988,14,,41.3,20.4,37.3,16.3,0.0,6,10.3,9.6
Whitefly,1988,15,,40.8,22.8,47.0,17.4,2.0,8.4,7.9,10.2
Whitefly,1988,16,,40.9,23.8,38.3,14.6,5.0,10.2,9.9,11.1
Whitefly,1988,17,,38.4,22.6,47.3,19.0,3.4,7.9,9.6,9.2
Whitefly,1988,18,,41.1,25.1,38.6,13.9,0.0,10,10.1,13.1
Whitefly,1988,19,,45.5,25.5,29.4,11.1,0.0,12.1,11.7,16.8
Whitefly,1988,20,,43.8,26.1,31.3,13.3,0.0,14.4,10.3,15.9
Whitefly,1988,21,,42.1,28.0,42.3,18.9,0.0,12.7,9.2,13.4
Whitefly,1988,22,,43.2,28.3,50.4,18.9,0.0,19.8,11.8,19.1
Whitefly,1988,23,,39.2,25.5,68.7,33.1,30.6,11.9,9.6,10.2
Whitefly,1988,24,,36.6,24.1,76.7,49.6,64.1,12.8,6.3,7
Whitefly,1988,25,,32.1,22.5,90.1,60.4,142.4,11,5.5,4.7
Whitefly,1988,26,,34.6,24.2,78.4,41.7,5.6,10.4,9,7.4
Whitefly,1988,27,,34.6,24.0,79.6,46.9,4.3,10.1,5.5,7.1
Whitefly,1988,28,,30.9,23.4,89.7,75.4,31.4,7.3,2.1,3.3
Whitefly,1988,29,,30.5,22.9,90.4,73.3,186.7,12,3.4,4.1
Whitefly,1988,30,,29.3,22.4,90.9,70.9,101.7,11.4,2.3,3.2
Whitefly,1988,31,,28.3,22.6,92.1,76.9,152.8,9.8,1.8,2.9
Whitefly,1988,32,,32.6,23.0,87.1,51.4,7.0,7.9,5.5,4.5
Whitefly,1988,33,,31.7,23.4,90.0,65.0,81.4,7.8,3.9,4.6
Whitefly,1988,34,0,28.9,22.6,95.1,76.6,140.9,10.2,4.2,3.7
Whitefly,1988,35,0.26,29.5,21.0,93.4,86.0,191.6,7.7,1.5,2.8
Whitefly,1988,36,0.53,30.8,23.0,92.0,66.3,138.8,7.2,5.6,4.8
Whitefly,1988,37,0.26,32.0,23.0,88.6,64.7,10.8,5.3,8,4.6
Whitefly,1988,38,0.26,30.6,22.4,91.4,70.1,138.6,7,5.9,3.8
Whitefly,1988,39,0.2,32.1,22.4,91.4,66.0,104.4,7.9,6,4.2
Whitefly,1988,40,1,30.7,21.4,90.0,54.1,20.2,8.8,7.8,4.5
Whitefly,1988,41,1.86,31.8,17.3,79.1,32.0,0.0,5.3,9.5,5.3
Whitefly,1988,42,1.46,34.3,16.7,75.3,26.3,0.0,5.7,11.4,6.9
Whitefly,1988,43,0.8,33.4,15.1,70.6,22.3,0.0,4.6,11.3,6.2
Whitefly,1988,44,1.07,32.4,18.4,64.6,30.9,0.0,5.2,8,6.5
Whitefly,1988,45,0.73,30.6,13.6,82.1,25.4,1.2,6.8,10.8,6.3
Whitefly,1988,46,1.06,30.5,10.0,73.7,20.0,0.0,6.3,11.2,6.4
Whitefly,1988,47,,30.8,12.9,77.1,26.3,0.0,4.2,10.8,5
Whitefly,1988,48,,29.0,10.5,75.4,23.3,0.0,5.5,10.7,5.3
Whitefly,1988,49,,29.6,11.2,78.1,24.4,0.0,4.4,10.5,5.2
Whitefly,1988,50,,28.3,11.7,83.3,32.0,0.0,6.7,8.5,3.8
Whitefly,1988,51,,29.4,9.5,78.9,25.6,0.0,4.3,11,4.5
Whitefly,1988,52,,29.5,12.1,78.3,29.0,0.0,4.7,11,4.3
Whitefly,1989,1,,29.3,10.7,74.6,21.7,0.0,3.9,10.8,4.3
Whitefly,1989,2,,29.1,12.8,69.9,34.0,0.0,5.8,10.6,4.7
Whitefly,1989,3,,31.0,11.7,67.9,25.9,0.0,4,10.5,5.4
Whitefly,1989,4,,31.6,14.5,72.6,31.6,0.0,5,10.2,5.3
Whitefly,1989,5,,32.5,11.8,68.0,18.0,0.0,3.5,10.9,5.7
Whitefly,1989,6,,34.3,12.3,50.6,15.1,0.0,5,10.6,6
Whitefly,1989,7,,34.2,12.4,50.9,13.7,0.0,5.7,10.6,7.6
Whitefly,1989,8,,31.4,9.3,46.1,10.7,0.0,7.2,10.5,7.7
Whitefly,1989,9,,36.4,15.2,43.4,10.6,0.0,5.2,10.1,7.8
Whitefly,1989,10,,35.2,17.4,56.9,26.1,35.0,8.4,8.9,9.4
Whitefly,1989,11,,33.3,16.3,69.0,19.6,0.0,4.5,9.4,6.7
Whitefly,1989,12,,36.6,20.7,53.4,20.6,7.0,6.7,8.4,7.8
Whitefly,1989,13,,32.2,18.2,76.7,40.0,19.0,6.8,7.6,6
Whitefly,1989,14,,38.0,16.3,41.6,18.7,0.0,7.1,10.8,11.4
Whitefly,1989,15,,40.1,19.7,32.6,9.3,0.0,6.3,10.7,12.8
Whitefly,1989,16,,40.6,23.7,37.1,15.0,0.0,7.5,9.4,12
Whitefly,1989,17,,41.1,23.3,35.6,14.6,0.0,8.5,10.8,13
Whitefly,1989,18,,38.7,24.2,45.9,23.3,1.2,8.4,8.3,11.6
Whitefly,1989,19,,39.3,23.1,26.6,7.9,0.0,8.7,10.3,13
Whitefly,1989,20,,40.8,28.0,39.1,10.9,0.0,13.5,9.8,17.6
Whitefly,1989,21,,40.9,26.1,45.6,17.7,0.0,16.7,10.5,19.2
Whitefly,1989,22,,41.0,26.2,56.6,30.3,8.0,13.5,7.9,13.6
Whitefly,1989,23,,39.5,24.5,78.6,42.9,13.4,9.7,8.6,8.9
Whitefly,1989,24,,44.9,23.6,81.6,59.7,35.5,12.5,4.5,9.8
Whitefly,1989,25,,44.3,23.3,81.0,45.0,77.0,12.7,6.5,8.9
Whitefly,1989,26,,39.4,22.2,88.6,67.3,151.0,15,3.6,4.3
Whitefly,1989,27,,32.2,22.8,85.0,54.1,4.0,11.7,3.7,5.6
Whitefly,1989,28,,33.2,22.9,81.1,51.1,27.0,10.1,7,6.9
Whitefly,1989,29,,30.9,22.4,87.7,82.0,161.1,12.2,5.2,4.1
Whitefly,1989,30,,30.1,22.4,85.6,69.6,255.2,13.6,4,4.2
Whitefly,1989,31,,31.8,22.0,78.9,49.7,1.2,13.7,5.8,6.5
Whitefly,1989,32,,30.0,22.3,84.9,71.7,13.1,14.5,1,5.6
Whitefly,1989,33,,28.9,21.2,89.0,68.9,204.8,12.9,4.5,3.6
Whitefly,1989,34,1.41,28.4,22.0,87.1,74.3,67.9,11,3,3.8
Whitefly,1989,35,1.09,29.8,21.6,88.7,70.7,181.6,10,5.6,4.2
Whitefly,1989,36,1.91,31.2,21.5,87.1,55.3,0.0,6.3,8,6
Whitefly,1989,37,1.39,33.2,22.3,86.6,52.9,21.6,10.9,5.5,5.2
Whitefly,1989,38,1.57,33.2,22.7,84.6,53.6,15.2,6,8.5,5.5
Whitefly,1989,39,1.57,32.6,22.3,89.7,58.4,31.4,5.2,7.2,5.9
Whitefly,1989,40,1.55,33.4,20.5,84.6,38.4,8.0,4.5,8.2,5.7
Whitefly,1989,41,1.57,35.6,17.8,73.3,24.9,0.0,4.2,9.4,7
Whitefly,1989,42,1.59,34.7,16.9,67.1,23.9,0.0,4.2,10.2,6.5
Whitefly,1989,43,1.53,33.5,16.8,75.1,35.1,0.0,4.3,9.8,6.2
Whitefly,1989,44,1.61,32.9,15.3,72.7,27.1,0.0,3.8,9.8,5.6
Whitefly,1989,45,1.05,32.7,14.7,71.6,29.3,0.0,5.2,9.4,6.4
Whitefly,1989,46,,32.2,16.0,79.1,37.9,0.0,4.2,8.7,5.9
Whitefly,1989,47,,32.5,13.5,75.7,26.6,0.0,2.8,9.9,5.5
Whitefly,1989,48,,31.4,12.2,73.9,27.1,0.0,4.2,10,5.8
Whitefly,1989,49,,29.3,9.9,73.7,23.6,0.0,4.1,9.9,5.5
Whitefly,1989,50,,28.3,8.4,78.4,26.1,0.0,4.5,9.9,4.7
Whitefly,1989,51,,29.0,11.5,77.1,29.4,0.0,3.7,9.6,5.4
Whitefly,1989,52,,28.0,17.4,83.0,53.4,5.2,5.8,4.8,4.8
