5,AmericanBollworm-Adult
1,AmericanBollworm-Adult
0,AmericanBollworm-Adult
1,AmericanBollworm-Adult
1,AmericanBollworm-Adult
0,AmericanBollworm-Adult
1,AmericanBollworm-Adult
11,AmericanBollworm-Adult
7,AmericanBollworm-Adult
21,AmericanBollworm-Adult
0,AmericanBollworm-Adult
0,AmericanBollworm-Adult
0,AmericanBollworm-Adult
0,AmericanBollworm-Adult
0,AmericanBollworm-Adult
0,AmericanBollworm-Adult
0,AmericanBollworm-Adult
0,AmericanBollworm-Adult
0,AmericanBollworm-Adult
0,AmericanBollworm-Adult
0,AmericanBollworm-Adult
0,AmericanBollworm-Adult
0,AmericanBollworm-Adult
0,AmericanBollworm-Adult
0,AmericanBollworm-Adult
0,AmericanBollworm-Adult
0,AmericanBollworm-Adult
0,AmericanBollworm-Adult
0,AmericanBollworm-Adult
0,AmericanBollworm-Adult
0,AmericanBollworm-Adult
0,AmericanBollworm-Adult
0,AmericanBollworm-Adult
0,AmericanBollworm-Adult
0,AmericanBollworm-Adult
0,AmericanBollworm-Adult
0,AmericanBollworm-Adult
0,AmericanBollworm-Adult
0,AmericanBollworm-Adult
0,AmericanBollworm-Adult
0,AmericanBollworm-Adult
0,AmericanBollworm-Adult
0,AmericanBollworm-Adult
0,AmericanBollworm-Adult
0,AmericanBollworm-Adult
0,AmericanBollworm-Adult
0,AmericanBollworm-Adult
0,AmericanBollworm-Adult
0,AmericanBollworm-Adult
0,AmericanBollworm-Adult
0,AmericanBollworm-Adult
0,AmericanBollworm-Adult
0,AmericanBollworm-Adult
0,AmericanBollworm-Adult
0,AmericanBollworm-Adult
0,AmericanBollworm-Adult
0,AmericanBollworm-Adult
0,AmericanBollworm-Adult
0,AmericanBollworm-Adult
0,AmericanBollworm-Adult
0,AmericanBollworm-Adult
0,AmericanBollworm-Adult
0,AmericanBollworm-Adult
0,AmericanBollworm-Adult
0,AmericanBollworm-Adult
0,AmericanBollworm-Adult
0,AmericanBollworm-Adult
0,AmericanBollworm-Adult
0,AmericanBollworm-Adult
0,AmericanBollworm-Adult
0,AmericanBollworm-Adult
0,AmericanBollworm-Adult
0,AmericanBollworm-Adult
0,AmericanBollworm-Adult
0,AmericanBollworm-Adult
0,AmericanBollworm-Adult
1,AmericanBollworm-Adult
1,AmericanBollworm-Adult
1,AmericanBollworm-Adult
1,AmericanBollworm-Adult
1,AmericanBollworm-Adult
1,AmericanBollworm-Adult
1,AmericanBollworm-Adult
1,AmericanBollworm-Adult
1,AmericanBollworm-Adult
1,AmericanBollworm-Adult
0,AmericanBollworm-Adult
0,AmericanBollworm-Adult
1,AmericanBollworm-Adult
2,AmericanBollworm-Adult
0,AmericanBollworm-Adult
0,AmericanBollworm-Adult
0,AmericanBollworm-Adult
0,AmericanBollworm-Adult
0,AmericanBollworm-Adult
0,AmericanBollworm-Adult
0,AmericanBollworm-Adult
0,AmericanBollworm-Adult
0,AmericanBollworm-Adult
0,AmericanBollworm-Adult
0,AmericanBollworm-Adult
0,AmericanBollworm-Adult
0,AmericanBollworm-Adult
0,AmericanBollworm-Adult
0,AmericanBollworm-Damage
0,AmericanBollworm-Damage
0,AmericanBollworm-Damage
0,AmericanBollworm-Damage
0,AmericanBollworm-Damage
0,AmericanBollworm-Damage
0,AmericanBollworm-Damage
0,AmericanBollworm-Damage
0,AmericanBollworm-Damage
0,AmericanBollworm-Damage
0,AmericanBollworm-Damage
0,AmericanBollworm-Damage
0,AmericanBollworm-Damage
0,AmericanBollworm-Damage
0,AmericanBollworm-Damage
0,AmericanBollworm-Damage
0,AmericanBollworm-Damage
0,AmericanBollworm-Damage
0,AmericanBollworm-Damage
0,AmericanBollworm-Damage
0,AmericanBollworm-Damage
0,AmericanBollworm-Damage
0,AmericanBollworm-Damage
0,AmericanBollworm-Damage
0,AmericanBollworm-Damage
0,AmericanBollworm-Damage
0,AmericanBollworm-Damage
0,AmericanBollworm-Damage
0,AmericanBollworm-Damage
0,AmericanBollworm-Damage
0,AmericanBollworm-Damage
0,AmericanBollworm-Damage
1,AmericanBollworm-Damage
2,AmericanBollworm-Damage
2,AmericanBollworm-Damage
1.5,AmericanBollworm-Damage
1,AmericanBollworm-Damage
5,AmericanBollworm-Damage
1.5,AmericanBollworm-Damage
1.5,AmericanBollworm-Damage
4,AmericanBollworm-Damage
2,AmericanBollworm-Damage
3,AmericanBollworm-Damage
0,AmericanBollworm-Damage
0,AmericanBollworm-Damage
0,AmericanBollworm-Damage
0,AmericanBollworm-Damage
0,AmericanBollworm-Damage
0,AmericanBollworm-Damage
0,AmericanBollworm-Damage
0,AmericanBollworm-Damage
0,AmericanBollworm-Damage
0,AmericanBollworm-Damage
0,AmericanBollworm-Damage
0,AmericanBollworm-Damage
0,AmericanBollworm-Damage
0,AmericanBollworm-Damage
0,AmericanBollworm-Damage
0,AmericanBollworm-Damage
0,AmericanBollworm-Damage
0,AmericanBollworm-Damage
0,AmericanBollworm-Damage
0,AmericanBollworm-Damage
0,AmericanBollworm-Damage
0,AmericanBollworm-Damage
0,AmericanBollworm-Damage
0,AmericanBollworm-Damage
0,AmericanBollworm-Damage
0,AmericanBollworm-Damage
0,AmericanBollworm-Damage
0,AmericanBollworm-Damage
0,AmericanBollworm-Damage
0,AmericanBollworm-Damage
0,AmericanBollworm-Damage
0,AmericanBollworm-Damage
0,AmericanBollworm-Damage
0,AmericanBollworm-Damage
0,AmericanBollworm-Damage
0,AmericanBollworm-Damage
0,AmericanBollworm-Damage
0,AmericanBollworm-Damage
0,AmericanBollworm-Damage
0,AmericanBollworm-Damage
0,AmericanBollworm-Damage
4.2,AmericanBollworm-Damage
0.72,AmericanBollworm-Damage
1.2,AmericanBollworm-Damage
13.58,AmericanBollworm-Damage
19.11,AmericanBollworm-Damage
24.05,AmericanBollworm-Damage
19,AmericanBollworm-Damage
38.5,AmericanBollworm-Damage
61,AmericanBollworm-Damage
0,AmericanBollworm-Damage
0,AmericanBollworm-Damage
0,AmericanBollworm-Damage
0,AmericanBollworm-Damage
0,AmericanBollworm-Damage
0,AmericanBollworm-Damage
0,AmericanBollworm-Damage
0.3,AmericanBollworm-Damage
1.6,AmericanBollworm-Damage
0.6,AmericanBollworm-Damage
1.5,AmericanBollworm-Damage
0,AmericanBollworm-Larva
0,AmericanBollworm-Larva
0,AmericanBollworm-Larva
0,AmericanBollworm-Larva
0,AmericanBollworm-Larva
0,AmericanBollworm-Larva
0,AmericanBollworm-Larva
0,AmericanBollworm-Larva
0,AmericanBollworm-Larva
0,AmericanBollworm-Larva
0,AmericanBollworm-Larva
0,AmericanBollworm-Larva
0,AmericanBollworm-Larva
0,AmericanBollworm-Larva
0,AmericanBollworm-Larva
0,AmericanBollworm-Larva
0,AmericanBollworm-Larva
0,AmericanBollworm-Larva
0,AmericanBollworm-Larva
0,AmericanBollworm-Larva
0,AmericanBollworm-Larva
0,AmericanBollworm-Larva
0,AmericanBollworm-Larva
0,AmericanBollworm-Larva
0,AmericanBollworm-Larva
0,AmericanBollworm-Larva
0,AmericanBollworm-Larva
0,AmericanBollworm-Larva
0.1,AmericanBollworm-Larva
0,AmericanBollworm-Larva
0,AmericanBollworm-Larva
0.1,AmericanBollworm-Larva
0.15,AmericanBollworm-Larva
0.2,AmericanBollworm-Larva
0.2,AmericanBollworm-Larva
0.2,AmericanBollworm-Larva
0.25,AmericanBollworm-Larva
0.3,AmericanBollworm-Larva
0.4,AmericanBollworm-Larva
0.4,AmericanBollworm-Larva
0.3,AmericanBollworm-Larva
0.3,AmericanBollworm-Larva
0.2,AmericanBollworm-Larva
0,AmericanBollworm-Larva
0,AmericanBollworm-Larva
0,AmericanBollworm-Larva
0,AmericanBollworm-Larva
0,AmericanBollworm-Larva
0,AmericanBollworm-Larva
0,AmericanBollworm-Larva
0,AmericanBollworm-Larva
0,AmericanBollworm-Larva
0,AmericanBollworm-Larva
0,AmericanBollworm-Larva
0,AmericanBollworm-Larva
0,AmericanBollworm-Larva
0,AmericanBollworm-Larva
0,AmericanBollworm-Larva
0,AmericanBollworm-Larva
0,AmericanBollworm-Larva
0,AmericanBollworm-Larva
0,AmericanBollworm-Larva
0,AmericanBollworm-Larva
0,AmericanBollworm-Larva
0,AmericanBollworm-Larva
0,AmericanBollworm-Larva
0,AmericanBollworm-Larva
0,AmericanBollworm-Larva
0,AmericanBollworm-Larva
0,AmericanBollworm-Larva
0,AmericanBollworm-Larva
0,AmericanBollworm-Larva
0,AmericanBollworm-Larva
0,AmericanBollworm-Larva
0,AmericanBollworm-Larva
0,AmericanBollworm-Larva
0,AmericanBollworm-Larva
0,AmericanBollworm-Larva
0,AmericanBollworm-Larva
0.1,AmericanBollworm-Larva
0.2,AmericanBollworm-Larva
0.2,AmericanBollworm-Larva
0.2,AmericanBollworm-Larva
0.25,AmericanBollworm-Larva
0.3,AmericanBollworm-Larva
0.2,AmericanBollworm-Larva
0.3,AmericanBollworm-Larva
0.2,AmericanBollworm-Larva
0.4,AmericanBollworm-Larva
0.4,AmericanBollworm-Larva
0.3,AmericanBollworm-Larva
0.3,AmericanBollworm-Larva
0.4,AmericanBollworm-Larva
0.4,AmericanBollworm-Larva
0.3,AmericanBollworm-Larva
0,AmericanBollworm-Larva
0,AmericanBollworm-Larva
0,AmericanBollworm-Larva
0,AmericanBollworm-Larva
0,AmericanBollworm-Larva
0,AmericanBollworm-Larva
0,AmericanBollworm-Larva
0,AmericanBollworm-Larva
0,AmericanBollworm-Larva
0,AmericanBollworm-Larva
0,AmericanBollworm-Larva
0,AmericanBollworm-Larva
0,AmericanBollworm-Larva
0,AmericanBollworm-Larva
0,AmericanBollworm-Larva
0,AmericanBollworm-Larva
0,AmericanBollworm-Larva
0,AmericanBollworm-Larva
0,AmericanBollworm-Larva
0,AmericanBollworm-Larva
0,AmericanBollworm-Larva
0,AmericanBollworm-Larva
0,AmericanBollworm-Larva
0,AmericanBollworm-Larva
0,AmericanBollworm-Larva
0,AmericanBollworm-Larva
0,AmericanBollworm-Larva
0,AmericanBollworm-Larva
0,AmericanBollworm-Larva
0,AmericanBollworm-Larva
0,AmericanBollworm-Larva
0,AmericanBollworm-Larva
0,AmericanBollworm-Larva
0,AmericanBollworm-Larva
0,AmericanBollworm-Larva
0,AmericanBollworm-Larva
0,AmericanBollworm-Larva
0,AmericanBollworm-Larva
0,AmericanBollworm-Larva
0,AmericanBollworm-Larva
2,AmericanBollworm-Larva
5,AmericanBollworm-Larva
0,AmericanBollworm-Larva
0,AmericanBollworm-Larva
4,AmericanBollworm-Larva
11,AmericanBollworm-Larva
8,AmericanBollworm-Larva
11,AmericanBollworm-Larva
2,AmericanBollworm-Larva
5,AmericanBollworm-Larva
6,AmericanBollworm-Larva
4,AmericanBollworm-Larva
0,AmericanBollworm-Larva
0,AmericanBollworm-Larva
0,AmericanBollworm-Larva
0,AmericanBollworm-Larva
0,AmericanBollworm-Larva
0,AmericanBollworm-Larva
0,AmericanBollworm-Larva
0,AmericanBollworm-Larva
0,AmericanBollworm-Larva
0,AmericanBollworm-Larva
0,AmericanBollworm-Larva
0,AmericanBollworm-Larva
0,AmericanBollworm-Larva
0,AmericanBollworm-Larva
0,AmericanBollworm-Larva
0,AmericanBollworm-Larva
0,AmericanBollworm-Larva
0,AmericanBollworm-Larva
0,AmericanBollworm-Larva
0,AmericanBollworm-Larva
0,AmericanBollworm-Larva
0,AmericanBollworm-Larva
0,AmericanBollworm-Larva
0,AmericanBollworm-Larva
0,AmericanBollworm-Larva
0,AmericanBollworm-Larva
0,AmericanBollworm-Larva
0,AmericanBollworm-Larva
0,AmericanBollworm-Larva
0,AmericanBollworm-Larva
0,AmericanBollworm-Larva
0,AmericanBollworm-Larva
0,AmericanBollworm-Larva
0,AmericanBollworm-Larva
0,AmericanBollworm-Larva
0,AmericanBollworm-Larva
0,AmericanBollworm-Larva
0,AmericanBollworm-Larva
0,AmericanBollworm-Larva
0.1,AmericanBollworm-Larva
0.2,AmericanBollworm-Larva
0.3,AmericanBollworm-Larva
0.4,AmericanBollworm-Larva
0.5,AmericanBollworm-Larva
0.4,AmericanBollworm-Larva
0.8,AmericanBollworm-Larva
1.6,AmericanBollworm-Larva
1.4,AmericanBollworm-Larva
0.8,AmericanBollworm-Larva
1,AmericanBollworm-Larva
0.8,AmericanBollworm-Larva
0.6,AmericanBollworm-Larva
0.5,AmericanBollworm-Larva
0,AmericanBollworm-Larva
0,AmericanBollworm-Larva
0,AmericanBollworm-Larva
0,AmericanBollworm-Larva
0,AmericanBollworm-Larva
0,AmericanBollworm-Larva
0,AmericanBollworm-Larva
0,AmericanBollworm-Larva
0,Jassid-Nymph
0,Jassid-Nymph
0,Jassid-Nymph
0,Jassid-Nymph
0,Jassid-Nymph
0,Jassid-Nymph
0,Jassid-Nymph
0,Jassid-Nymph
0,Jassid-Nymph
0,Jassid-Nymph
0,Jassid-Nymph
0,Jassid-Nymph
0,Jassid-Nymph
0,Jassid-Nymph
0,Jassid-Nymph
0,Jassid-Nymph
0,Jassid-Nymph
0,Jassid-Nymph
0,Jassid-Nymph
0,Jassid-Nymph
0,Jassid-Nymph
0,Jassid-Nymph
0,Jassid-Nymph
0.6,Jassid-Nymph
1.1,Jassid-Nymph
0.7,Jassid-Nymph
1,Jassid-Nymph
0.7,Jassid-Nymph
0.8,Jassid-Nymph
0.5,Jassid-Nymph
0.5,Jassid-Nymph
1,Jassid-Nymph
1.2,Jassid-Nymph
2.6,Jassid-Nymph
3,Jassid-Nymph
2.8,Jassid-Nymph
2.5,Jassid-Nymph
2.8,Jassid-Nymph
1.8,Jassid-Nymph
1.8,Jassid-Nymph
1.5,Jassid-Nymph
1.5,Jassid-Nymph
0,Jassid-Nymph
0,Jassid-Nymph
0,Jassid-Nymph
0,Jassid-Nymph
0,Jassid-Nymph
0,Jassid-Nymph
0,Jassid-Nymph
0,Jassid-Nymph
0,Jassid-Nymph
0,Jassid-Nymph
0,Jassid-Nymph
0,Jassid-Nymph
0,Jassid-Nymph
0,Jassid-Nymph
0,Jassid-Nymph
0,Jassid-Nymph
0,Jassid-Nymph
0,Jassid-Nymph
0,Jassid-Nymph
0,Jassid-Nymph
0,Jassid-Nymph
0,Jassid-Nymph
0,Jassid-Nymph
0,Jassid-Nymph
0,Jassid-Nymph
0,Jassid-Nymph
0,Jassid-Nymph
0,Jassid-Nymph
0,Jassid-Nymph
0,Jassid-Nymph
0,Jassid-Nymph
0,Jassid-Nymph
0,Jassid-Nymph
0.5,Jassid-Nymph
0.5,Jassid-Nymph
0.6,Jassid-Nymph
1,Jassid-Nymph
1.2,Jassid-Nymph
2.7,Jassid-Nymph
3.8,Jassid-Nymph
1.9,Jassid-Nymph
2.3,Jassid-Nymph
2.4,Jassid-Nymph
2.4,Jassid-Nymph
4.2,Jassid-Nymph
2.9,Jassid-Nymph
3.4,Jassid-Nymph
2.7,Jassid-Nymph
2.6,Jassid-Nymph
2.6,Jassid-Nymph
2.8,Jassid-Nymph
1.6,Jassid-Nymph
0,Jassid-Nymph
0,Jassid-Nymph
0,Jassid-Nymph
0,Jassid-Nymph
0,Jassid-Nymph
0,Jassid-Nymph
0,Jassid-Nymph
0,Jassid-Nymph
0,Jassid-Nymph
0,Jassid-Nymph
0,Jassid-Nymph
0,Jassid-Nymph
0,Jassid-Nymph
0,Jassid-Nymph
0,Jassid-Nymph
0,Jassid-Nymph
0,Jassid-Nymph
0,Jassid-Nymph
0,Jassid-Nymph
0,Jassid-Nymph
0,Jassid-Nymph
0,Jassid-Nymph
0,Jassid-Nymph
0,Jassid-Nymph
0,Jassid-Nymph
0,Jassid-Nymph
0,Jassid-Nymph
0,Jassid-Nymph
0,Jassid-Nymph
0,Jassid-Nymph
0,Jassid-Nymph
0,Jassid-Nymph
0,Jassid-Nymph
0.5,Jassid-Nymph
0.5,Jassid-Nymph
0.6,Jassid-Nymph
1,Jassid-Nymph
1.2,Jassid-Nymph
2.7,Jassid-Nymph
3.8,Jassid-Nymph
1.9,Jassid-Nymph
2.3,Jassid-Nymph
2.4,Jassid-Nymph
2.4,Jassid-Nymph
4.2,Jassid-Nymph
2.9,Jassid-Nymph
3.4,Jassid-Nymph
2.7,Jassid-Nymph
2.6,Jassid-Nymph
2.6,Jassid-Nymph
2.8,Jassid-Nymph
1.6,Jassid-Nymph
0,Jassid-Nymph
0,Jassid-Nymph
0,Jassid-Nymph
0,Jassid-Nymph
0,Jassid-Nymph
0,Jassid-Nymph
0,Jassid-Nymph
0,Jassid-Nymph
0,Jassid-Nymph
0,Jassid-Nymph
0,Jassid-Nymph
0,Jassid-Nymph
0,Jassid-Nymph
0,Jassid-Nymph
0,Jassid-Nymph
0,Jassid-Nymph
0,Jassid-Nymph
0,Jassid-Nymph
0,Jassid-Nymph
0,Jassid-Nymph
0,Jassid-Nymph
0,Jassid-Nymph
0,Jassid-Nymph
0,Jassid-Nymph
0,Jassid-Nymph
0,Jassid-Nymph
0,Jassid-Nymph
0,Jassid-Nymph
0,Jassid-Nymph
0,Jassid-Nymph
0,Jassid-Nymph
0,Jassid-Nymph
0,Jassid-Nymph
0.5,Jassid-Nymph
0.6,Jassid-Nymph
1.6,Jassid-Nymph
2.1,Jassid-Nymph
1.6,Jassid-Nymph
5,Jassid-Nymph
5.8,Jassid-Nymph
4.6,Jassid-Nymph
3.8,Jassid-Nymph
4.8,Jassid-Nymph
3.8,Jassid-Nymph
4,Jassid-Nymph
2.8,Jassid-Nymph
2.4,Jassid-Nymph
2.4,Jassid-Nymph
2,Jassid-Nymph
2,Jassid-Nymph
1.2,Jassid-Nymph
1.5,Jassid-Nymph
0,Jassid-Nymph
0,Jassid-Nymph
0,Jassid-Nymph
0,Jassid-Nymph
0,Jassid-Nymph
0,Jassid-Nymph
0,Jassid-Nymph
0,Jassid-Nymph
0,Jassid-Nymph
0,Jassid-Nymph
0,Jassid-Nymph
0,Jassid-Nymph
0,Jassid-Nymph
0,Jassid-Nymph
0,Jassid-Nymph
0,Jassid-Nymph
0,Jassid-Nymph
0,Jassid-Nymph
0,Jassid-Nymph
0,Jassid-Nymph
0,Jassid-Nymph
0,Jassid-Nymph
0,Jassid-Nymph
0,Jassid-Nymph
0,Jassid-Nymph
0,Jassid-Nymph
0,Jassid-Nymph
0,Jassid-Nymph
0,Jassid-Nymph
0,Jassid-Nymph
0,Jassid-Nymph
0,Jassid-Nymph
0,Jassid-Nymph
0.6,Jassid-Nymph
1,Jassid-Nymph
1.2,Jassid-Nymph
1.2,Jassid-Nymph
1.8,Jassid-Nymph
2.2,Jassid-Nymph
2.8,Jassid-Nymph
3.4,Jassid-Nymph
3.8,Jassid-Nymph
2.5,Jassid-Nymph
4.3,Jassid-Nymph
0,Jassid-Nymph
6.1,Jassid-Nymph
3.7,Jassid-Nymph
3.8,Jassid-Nymph
1.2,Jassid-Nymph
1.2,Jassid-Nymph
1.4,Jassid-Nymph
1.2,Jassid-Nymph
1,Jassid-Nymph
1,Jassid-Nymph
0,Jassid-Nymph
0,Jassid-Nymph
0,Jassid-Nymph
0,Jassid-Nymph
0,Jassid-Nymph
0,Jassid-Nymph
0,Jassid-Nymph
0,Jassid-Nymph
0,Whitefly
0,Whitefly
0,Whitefly
0,Whitefly
0,Whitefly
0,Whitefly
0,Whitefly
0,Whitefly
0,Whitefly
0,Whitefly
0,Whitefly
0,Whitefly
0,Whitefly
0,Whitefly
0,Whitefly
0,Whitefly
0,Whitefly
0,Whitefly
0,Whitefly
0,Whitefly
0,Whitefly
0,Whitefly
0,Whitefly
0,Whitefly
0,Whitefly
0.64,Whitefly
1,Whitefly
1.12,Whitefly
0.84,Whitefly
1.52,Whitefly
2.16,Whitefly
2.96,Whitefly
1.08,Whitefly
0.8,Whitefly
0.84,Whitefly
0.64,Whitefly
2.16,Whitefly
1.84,Whitefly
2.56,Whitefly
6.2,Whitefly
5.12,Whitefly
3.32,Whitefly
2.2,Whitefly
1.22,Whitefly
0.24,Whitefly
0,Whitefly
0,Whitefly
0,Whitefly
0,Whitefly
0,Whitefly
0,Whitefly
0,Whitefly
0,Whitefly
0,Whitefly
0,Whitefly
0,Whitefly
0,Whitefly
0,Whitefly
0,Whitefly
0,Whitefly
0,Whitefly
0,Whitefly
0,Whitefly
0,Whitefly
0,Whitefly
0,Whitefly
0,Whitefly
0,Whitefly
0,Whitefly
0,Whitefly
0,Whitefly
0,Whitefly
0,Whitefly
0,Whitefly
0,Whitefly
0,Whitefly
0,Whitefly
0,Whitefly
0,Whitefly
0,Whitefly
0.52,Whitefly
0.97,Whitefly
1.4,Whitefly
0,Whitefly
1.9,Whitefly
0.88,Whitefly
1.6,Whitefly
1.96,Whitefly
3.76,Whitefly
0.96,Whitefly
1.36,Whitefly
0,Whitefly
1.28,Whitefly
1.56,Whitefly
0,Whitefly
1.16,Whitefly
0,Whitefly
0,Whitefly
0,Whitefly
0,Whitefly
0,Whitefly
0,Whitefly
0,Whitefly
0,Whitefly
