AlternariaLeafSpot,2002,1,,18.4,4.2,92.0,47.9,0.0,0.7,4.9,1.4
AlternariaLeafSpot,2002,2,,21.7,6.9,86.6,35.7,0.0,0.7,7.2,1.6
AlternariaLeafSpot,2002,3,,19.0,6.7,77.1,44.3,0.0,3.1,4,1.9
AlternariaLeafSpot,2002,4,,19.8,4.5,77.7,25.9,0.0,0.7,7,1.9
AlternariaLeafSpot,2002,5,,21.5,3.7,63.4,28.6,0.0,0.8,8,2.2
AlternariaLeafSpot,2002,6,,20.1,4.7,84.1,74.9,0.0,1.7,7.2,3.7
AlternariaLeafSpot,2002,7,,21.4,7.5,81.7,48.9,4.8,2.1,6.5,2.1
AlternariaLeafSpot,2002,8,,26.1,12.5,74.3,35.9,10.4,1.5,6.9,3.3
AlternariaLeafSpot,2002,9,,23.1,10.7,84.3,49.0,1.5,1.4,5.8,3.8
AlternariaLeafSpot,2002,10,,27.2,11.4,67.7,37.6,67.0,1.1,8.4,3.7
AlternariaLeafSpot,2002,11,,29.7,12.3,55.3,31.3,9.6,1.4,6.8,3.7
AlternariaLeafSpot,2002,12,,33.1,17.3,60.7,44.3,0.0,1.9,7.9,3.2
AlternariaLeafSpot,2002,13,,34.2,16.9,53.6,24.7,0.0,1.5,9.3,3.3
AlternariaLeafSpot,2002,14,,36.1,18.4,56.7,22.7,12.4,1.9,4.9,5.8
AlternariaLeafSpot,2002,15,,37.7,19.6,43.0,28.6,0.0,2,7.7,5.8
AlternariaLeafSpot,2002,16,,40.3,23.6,43.9,26.7,0.0,2.3,6.2,5.8
AlternariaLeafSpot,2002,17,,41.0,22.9,43.7,20.7,0.0,2,4.6,5.2
AlternariaLeafSpot,2002,18,,40.9,25.0,44.3,20.1,0.0,1.8,2.5,3.4
AlternariaLeafSpot,2002,19,,43.9,27.0,40.9,16.7,0.0,1.8,5.4,4.2
AlternariaLeafSpot,2002,20,,44.5,28.8,29.7,21.4,0.0,1.9,3,4.1
AlternariaLeafSpot,2002,21,,43.9,26.1,43.4,21.1,0.0,2.1,6.2,4.1
AlternariaLeafSpot,2002,22,,35.7,23.5,71.1,44.9,0.0,3.4,0.9,3.6
AlternariaLeafSpot,2002,23,,40.2,29.0,52.1,34.7,10.4,2.3,2.4,3.6
AlternariaLeafSpot,2002,24,,42.8,29.0,46.9,33.9,0.0,2.8,1.9,3.9
AlternariaLeafSpot,2002,25,,39.5,27.3,52.9,40.0,67.0,3,6.1,3.6
AlternariaLeafSpot,2002,26,,42.5,29.3,44.1,32.4,0.0,2.6,2.2,3.7
AlternariaLeafSpot,2002,27,,39.8,28.9,61.9,40.0,5.8,2.3,2,3.8
AlternariaLeafSpot,2002,28,,39.9,29.5,56.6,36.4,0.0,2.5,2.7,3.7
AlternariaLeafSpot,2002,29,,40.3,30.1,54.6,40.0,0.0,2.4,4.2,3.8
AlternariaLeafSpot,2002,30,9.66,37.5,29.3,60.4,43.6,0.0,2.3,1.5,3.4
AlternariaLeafSpot,2002,31,11.25,37.1,29.0,64.3,41.7,10.2,2.5,4.2,3.3
AlternariaLeafSpot,2002,32,11.82,37.8,29.4,71.4,48.7,0.0,1.4,4,3.2
AlternariaLeafSpot,2002,33,16.4,36.6,28.1,71.9,49.0,0.0,1.3,1.9,3.3
AlternariaLeafSpot,2002,34,16.45,37.2,27.9,69.4,49.9,0.0,1.8,5.5,3.2
AlternariaLeafSpot,2002,35,16.71,35.9,26.9,65.1,48.0,0.0,1.1,6.3,3.2
AlternariaLeafSpot,2002,36,13.44,33.0,23.1,77.4,59.0,4.2,1.4,7.7,3.1
AlternariaLeafSpot,2002,37,11.72,33.0,23.5,77.4,61.0,0.0,1.6,5.8,2.9
AlternariaLeafSpot,2002,38,9.77,34.4,23.5,65.6,52.4,0.0,1.3,6.7,2.4
AlternariaLeafSpot,2002,39,7.88,35.9,22.0,60.0,39.9,0.0,1.5,7.8,2.4
AlternariaLeafSpot,2002,40,4.97,37.3,19.9,58.9,17.7,0.0,0.9,5.9,2.1
AlternariaLeafSpot,2002,41,5.26,36.2,21.0,64.4,33.6,0.0,0.9,3.5,2
AlternariaLeafSpot,2002,42,,33.3,19.8,73.9,33.4,0.0,1.4,3.6,2
AlternariaLeafSpot,2002,43,,31.2,16.1,93.6,29.1,0.0,0.8,7.2,2
AlternariaLeafSpot,2002,44,,32.5,16.5,96.1,27.7,0.0,0.7,5.9,2
AlternariaLeafSpot,2002,45,,28.8,14.5,97.0,38.6,0.0,0.8,4.2,2
AlternariaLeafSpot,2002,46,,28.3,12.2,97.3,38.6,0.0,0.6,6.9,1.7
AlternariaLeafSpot,2002,47,,28.3,10.1,91.7,21.1,0.0,0.7,6.4,1.8
AlternariaLeafSpot,2002,48,,26.3,6.5,85.1,21.6,0.0,0.6,5.2,1.7
AlternariaLeafSpot,2002,49,,24.9,6.9,64.6,18.1,0.0,0.8,5.3,1.7
AlternariaLeafSpot,2002,50,,24.8,6.8,66.1,21.4,0.0,0.6,5.8,1.8
AlternariaLeafSpot,2002,51,,26.1,5.2,80.1,28.7,0.0,1.3,5.2,1.8
AlternariaLeafSpot,2002,52,,20.1,4.8,82.3,42.9,1.2,0.7,4.2,1.7
AmericanBollworm-Adult,2001,1,,15.8,4.0,93.7,83.0,7.2,1.9,1.6,1.4
AmericanBollworm-Adult,2001,2,,16.9,2.1,87.9,63.1,0.0,1.5,5.8,1.5
AmericanBollworm-Adult,2001,3,,17.0,2.0,86.9,58.4,0.0,1.9,7.4,1.6
AmericanBollworm-Adult,2001,4,,20.3,1.6,75.7,46.1,0.0,2,8.2,2.1
AmericanBollworm-Adult,2001,5,,22.0,3.3,69.4,36.4,0.0,2.3,9.6,2.1
AmericanBollworm-Adult,2001,6,,23.0,5.1,74.4,34.0,0.0,2,10,2
AmericanBollworm-Adult,2001,7,,24.2,10.0,66.7,32.0,0.0,1.8,7.9,2.2
AmericanBollworm-Adult,2001,8,,25.7,11.8,82.4,39.7,0.0,1.8,5.5,2.3
AmericanBollworm-Adult,2001,9,,24.4,8.5,65.0,31.9,0.0,1.9,10.3,2.3
AmericanBollworm-Adult,2001,10,,28.2,8.6,60.1,26.4,0.0,2.1,9.5,2.6
AmericanBollworm-Adult,2001,11,,29.6,11.3,65.3,52.1,0.0,3.4,6.5,2.6
AmericanBollworm-Adult,2001,12,,30.8,12.4,58.0,36.9,0.0,2.3,6.8,3
AmericanBollworm-Adult,2001,13,,31.5,14.2,61.6,41.4,0.0,2.8,5.9,2.5
AmericanBollworm-Adult,2001,14,,33.9,14.6,46.7,28.1,0.0,3,9.1,2.5
AmericanBollworm-Adult,2001,15,,38.1,20.1,52.6,26.4,0.0,2.6,4,3.5
AmericanBollworm-Adult,2001,16,,30.5,16.3,74.7,49.3,14.4,2.3,6.2,3.1
AmericanBollworm-Adult,2001,17,,41.3,21.1,36.3,19.4,0.0,2.5,7.5,3.4
AmericanBollworm-Adult,2001,18,,42.5,23.0,47.1,19.1,0.0,2.4,6.7,3.2
AmericanBollworm-Adult,2001,19,,44.4,26.8,52.6,23.1,0.0,2.3,3,4.1
AmericanBollworm-Adult,2001,20,,39.4,24.8,57.1,37.3,0.0,2.5,3,3.4
AmericanBollworm-Adult,2001,21,,38.0,24.7,52.7,39.9,111.4,1.4,7.4,3.5
AmericanBollworm-Adult,2001,22,,38.8,26.3,59.3,38.3,38.0,1.3,3.4,3.5
AmericanBollworm-Adult,2001,23,,35.9,24.8,61.9,41.7,13.4,1.8,3.9,3.2
AmericanBollworm-Adult,2001,24,,37.1,26.7,71.9,57.7,70.0,1.1,6.1,3.3
AmericanBollworm-Adult,2001,25,,35.6,27.5,70.0,53.6,0.0,1.4,6.3,2.7
AmericanBollworm-Adult,2001,26,,37.4,26.2,77.1,50.7,1.6,1.6,4.6,2.8
AmericanBollworm-Adult,2001,27,,36.1,28.6,80.1,54.6,29.2,1.3,5.2,3.4
AmericanBollworm-Adult,2001,28,,35.7,28.1,81.7,61.9,0.0,1.5,5.9,3.4
AmericanBollworm-Adult,2001,29,,35.2,27.2,76.4,60.3,62.4,0.9,4.7,3.7
AmericanBollworm-Adult,2001,30,,35.6,27.1,80.0,59.0,33.6,0.9,5.7,3.7
AmericanBollworm-Adult,2001,31,3,35.8,27.2,75.9,54.6,0.0,1.4,5.3,3.1
AmericanBollworm-Adult,2001,32,8,34.5,26.2,81.6,65.6,2.2,0.8,4.3,3.5
AmericanBollworm-Adult,2001,33,6,35.1,26.6,79.1,64.3,0.0,0.7,5.7,3.5
AmericanBollworm-Adult,2001,34,10,35.8,26.0,68.4,55.7,0.0,0.8,7.5,3.7
AmericanBollworm-Adult,2001,35,16,36.1,25.8,62.9,49.1,0.0,0.6,5.2,3
AmericanBollworm-Adult,2001,36,29,36.2,25.9,64.6,49.9,0.0,0.7,4.6,3.4
AmericanBollworm-Adult,2001,37,19,35.0,24.2,62.3,49.9,0.0,0.6,3,3.4
AmericanBollworm-Adult,2001,38,6,36.6,22.3,60.6,38.1,0.0,0.8,6.3,3.5
AmericanBollworm-Adult,2001,39,7,37.5,21.1,60.0,35.4,0.0,0.6,5.7,3.4
AmericanBollworm-Adult,2001,40,0,33.9,23.0,71.3,49.3,8.0,1.3,6.3,3.2
AmericanBollworm-Adult,2001,41,4,35.9,20.0,61.6,33.7,0.0,0.7,7.6,3
AmericanBollworm-Adult,2001,42,3,34.0,15.4,54.1,27.4,0.0,0.8,6.9,2
AmericanBollworm-Adult,2001,43,0,35.6,17.6,66.1,33.7,0.0,0.7,3.6,2.1
AmericanBollworm-Adult,2001,44,0,35.0,18.4,61.6,31.3,0.0,0,2.7,2.2
AmericanBollworm-Adult,2001,45,0,29.7,11.8,66.6,30.6,0.0,0,4.2,2.2
AmericanBollworm-Adult,2001,46,0,30.6,11.1,59.0,17.6,0.0,0,4.9,2.2
AmericanBollworm-Adult,2001,47,0,29.1,9.6,72.1,17.6,0.0,0,6.4,2.2
AmericanBollworm-Adult,2001,48,0,27.3,8.3,70.9,21.6,0.0,0,3.7,1.9
AmericanBollworm-Adult,2001,49,0,26.8,8.9,62.7,16.1,0.0,0,5.2,1.9
AmericanBollworm-Adult,2001,50,2,24.1,9.2,77.1,25.7,0.0,0.2,5.2,2
AmericanBollworm-Adult,2001,51,1,21.3,6.1,70.4,21.0,0.0,0,7.4,1.9
AmericanBollworm-Adult,2001,52,2,19.7,5.8,93.8,32.9,0.0,0,4.2,1.7
AmericanBollworm-Adult,2002,1,5,18.4,4.2,92.0,47.9,0.0,2,4.9,1.4
AmericanBollworm-Adult,2002,2,1,21.7,6.9,86.6,35.7,0.0,2.3,7.2,1.6
AmericanBollworm-Adult,2002,3,0,19.0,6.7,77.1,44.3,0.0,2,4,1.9
AmericanBollworm-Adult,2002,4,1,19.8,4.5,77.7,25.9,0.0,1.8,7,1.9
AmericanBollworm-Adult,2002,5,1,21.5,3.7,63.4,28.6,0.0,1.8,8,2.2
AmericanBollworm-Adult,2002,6,0,20.1,4.7,84.1,74.9,0.0,1.9,7.2,3.7
AmericanBollworm-Adult,2002,7,1,21.4,7.5,81.7,48.9,4.8,2.1,6.5,2.1
AmericanBollworm-Adult,2002,8,11,26.1,12.5,74.3,35.9,10.4,3.4,6.9,3.3
AmericanBollworm-Adult,2002,9,7,23.1,10.7,84.3,49.0,1.5,2.3,5.8,3.8
AmericanBollworm-Adult,2002,10,21,27.2,11.4,67.7,37.6,67.0,2.8,8.4,3.7
AmericanBollworm-Adult,2002,11,0,29.7,12.3,55.3,31.3,9.6,3,6.8,3.7
AmericanBollworm-Adult,2002,12,0,33.1,17.3,60.7,44.3,0.0,2.6,7.9,3.2
AmericanBollworm-Adult,2002,13,0,34.2,16.9,53.6,24.7,0.0,2.3,9.3,3.3
AmericanBollworm-Adult,2002,14,0,36.1,18.4,56.7,22.7,12.4,2.5,4.9,5.8
AmericanBollworm-Adult,2002,15,0,37.7,19.6,43.0,28.6,0.0,2.4,7.7,5.8
AmericanBollworm-Adult,2002,16,0,40.3,23.6,43.9,26.7,0.0,2.3,6.2,5.8
AmericanBollworm-Adult,2002,17,0,41.0,22.9,43.7,20.7,0.0,2.5,4.6,5.2
AmericanBollworm-Adult,2002,18,0,40.9,25.0,44.3,20.1,0.0,1.4,2.5,3.4
AmericanBollworm-Adult,2002,19,0,43.9,27.0,40.9,16.7,0.0,1.3,5.4,4.2
AmericanBollworm-Adult,2002,20,0,44.5,28.8,29.7,21.4,0.0,1.8,3,4.1
AmericanBollworm-Adult,2002,21,0,43.9,26.1,43.4,21.1,0.0,1.1,6.2,4.1
AmericanBollworm-Adult,2002,22,0,35.7,23.5,71.1,44.9,0.0,1.4,0.9,3.6
AmericanBollworm-Adult,2002,23,0,40.2,29.0,52.1,34.7,10.4,1.6,2.4,3.6
AmericanBollworm-Adult,2002,24,0,42.8,29.0,46.9,33.9,0.0,1.3,1.9,3.9
AmericanBollworm-Adult,2002,25,0,39.5,27.3,52.9,40.0,67.0,1.5,6.1,3.6
AmericanBollworm-Adult,2002,26,0,42.5,29.3,44.1,32.4,0.0,0.9,2.2,3.7
AmericanBollworm-Adult,2002,27,0,39.8,28.9,61.9,40.0,5.8,0.9,2,3.8
AmericanBollworm-Adult,2002,28,0,39.9,29.5,56.6,36.4,0.0,1.4,2.7,3.7
AmericanBollworm-Adult,2002,29,0,40.3,30.1,54.6,40.0,0.0,0.8,4.2,3.8
AmericanBollworm-Adult,2002,30,0,37.5,29.3,60.4,43.6,0.0,0.7,1.5,3.4
AmericanBollworm-Adult,2002,31,0,37.1,29.0,64.3,41.7,10.2,0.8,4.2,3.3
AmericanBollworm-Adult,2002,32,0,37.8,29.4,71.4,48.7,0.0,0.6,4,3.2
AmericanBollworm-Adult,2002,33,0,36.6,28.1,71.9,49.0,0.0,0.7,1.9,3.3
AmericanBollworm-Adult,2002,34,0,37.2,27.9,69.4,49.9,0.0,0.6,5.5,3.2
AmericanBollworm-Adult,2002,35,0,35.9,26.9,65.1,48.0,0.0,0.8,6.3,3.2
AmericanBollworm-Adult,2002,36,0,33.0,23.1,77.4,59.0,4.2,0.6,7.7,3.1
AmericanBollworm-Adult,2002,37,0,33.0,23.5,77.4,61.0,0.0,1.3,5.8,2.9
AmericanBollworm-Adult,2002,38,0,34.4,23.5,65.6,52.4,0.0,0.7,6.7,2.4
AmericanBollworm-Adult,2002,39,0,35.9,22.0,60.0,39.9,0.0,0.8,7.8,2.4
AmericanBollworm-Adult,2002,40,0,37.3,19.9,58.9,17.7,0.0,0.7,5.9,2.1
AmericanBollworm-Adult,2002,41,0,36.2,21.0,64.4,33.6,0.0,0,3.5,2
AmericanBollworm-Adult,2002,42,,33.3,19.8,73.9,33.4,0.0,0.7,3.6,2
AmericanBollworm-Adult,2002,43,,31.2,16.1,93.6,29.1,0.0,0.8,7.2,2
AmericanBollworm-Adult,2002,44,,32.5,16.5,96.1,27.7,0.0,1.7,5.9,2
AmericanBollworm-Adult,2002,45,,28.8,14.5,97.0,38.6,0.0,2.1,4.2,2
AmericanBollworm-Adult,2002,46,,28.3,12.2,97.3,38.6,0.0,1.4,6.9,1.7
AmericanBollworm-Adult,2002,47,,28.3,10.1,91.7,21.1,0.0,1.4,6.4,1.8
AmericanBollworm-Adult,2002,48,,26.3,6.5,85.1,21.6,0.0,1.3,5.2,1.7
AmericanBollworm-Adult,2002,49,,24.9,6.9,64.6,18.1,0.0,1.5,5.3,1.7
AmericanBollworm-Adult,2002,50,,24.8,6.8,66.1,21.4,0.0,1.9,5.8,1.8
AmericanBollworm-Adult,2002,51,,26.1,5.2,80.1,28.7,0.0,1.5,5.2,1.8
AmericanBollworm-Adult,2002,52,,20.1,4.8,82.3,42.9,1.2,1.9,4.2,1.7
AmericanBollworm-Damage,1998,1,,19.4,4.4,83.9,43.3,0.0,0.7,8.9,1.5
AmericanBollworm-Damage,1998,2,,18.9,8.3,90.4,57.7,0.0,0.8,3.3,1.5
AmericanBollworm-Damage,1998,3,,18.0,3.1,76.1,35.1,0.0,1.7,9,2
AmericanBollworm-Damage,1998,4,,19.1,4.0,86.0,39.3,0.0,2.1,7.4,1.9
AmericanBollworm-Damage,1998,5,,20.9,9.5,89.6,61.4,0.0,1.5,4.4,2
AmericanBollworm-Damage,1998,6,,22.3,5.2,81.4,32.7,0.0,1.4,9.4,1.9
AmericanBollworm-Damage,1998,7,,24.7,12.6,88.0,45.1,0.0,1.1,6.5,2
AmericanBollworm-Damage,1998,8,,21.9,10.1,91.1,63.7,38.8,1.4,7.3,2
AmericanBollworm-Damage,1998,9,,21.0,9.6,87.0,68.6,0.0,1.9,7.4,2
AmericanBollworm-Damage,1998,10,,23.1,9.3,82.1,50.1,0.0,1.5,7.8,2
AmericanBollworm-Damage,1998,11,,24.5,11.4,80.9,45.0,5.2,1.9,3.6,2.1
AmericanBollworm-Damage,1998,12,,26.9,13.3,68.4,42.9,0.0,2,7.1,2.2
AmericanBollworm-Damage,1998,13,,30.3,14.2,62.3,33.0,0.0,2.3,8.5,2.2
AmericanBollworm-Damage,1998,14,,33.1,18.7,68.0,37.9,1.4,2,6.3,2.5
AmericanBollworm-Damage,1998,15,,33.2,16.4,61.3,37.7,0.0,1.8,10.3,3.1
AmericanBollworm-Damage,1998,16,,39.3,19.6,38.9,21.0,0.0,1.8,8.4,3.4
AmericanBollworm-Damage,1998,17,,38.7,22.1,49.6,26.6,0.0,1.9,7.1,3.2
AmericanBollworm-Damage,1998,18,,39.9,25.5,50.7,24.7,0.0,2.1,7.2,3.9
AmericanBollworm-Damage,1998,19,,35.1,20.1,63.0,23.9,0.0,3.4,8.9,3.6
AmericanBollworm-Damage,1998,20,,43.2,25.1,40.4,17.7,0.0,2.3,9.3,4.2
AmericanBollworm-Damage,1998,21,,45.6,26.1,33.0,14.9,0.0,2.8,8.5,4.8
AmericanBollworm-Damage,1998,22,,45.1,27.1,31.0,12.7,0.0,3,6.4,4.5
AmericanBollworm-Damage,1998,23,,41.5,25.9,44.4,20.1,9.8,2.6,6.4,3.4
AmericanBollworm-Damage,1998,24,,33.7,23.8,63.7,36.6,30.4,2.3,7.1,3.1
AmericanBollworm-Damage,1998,25,,41.7,27.3,55.6,23.7,0.0,2.5,6.5,4
AmericanBollworm-Damage,1998,26,,41.3,30.0,61.9,40.7,21.6,2.4,5.1,3.9
AmericanBollworm-Damage,1998,27,,35.5,27.6,76.9,57.7,123.0,2.3,4.4,2.4
AmericanBollworm-Damage,1998,28,,34.2,26.7,81.6,61.6,13.8,2.5,3.4,2.2
AmericanBollworm-Damage,1998,29,,36.9,27.0,74.4,48.4,6.3,1.4,7.1,3
AmericanBollworm-Damage,1998,30,,38.6,28.2,68.7,48.3,0.0,1.3,7.3,4.9
AmericanBollworm-Damage,1998,31,2,37.3,28.3,76.3,52.0,0.0,1.8,4.9,4.7
AmericanBollworm-Damage,1998,32,2,36.4,27.9,85.3,60.4,30.8,1.1,7.6,4.5
AmericanBollworm-Damage,1998,33,2,35.9,27.0,76.3,59.1,0.0,1.4,7.5,3.5
AmericanBollworm-Damage,1998,34,5,36.0,27.2,76.7,55.7,0.0,1.6,6.8,3.7
AmericanBollworm-Damage,1998,35,3,35.3,26.4,78.4,55.0,0.0,1.3,8.6,4.8
AmericanBollworm-Damage,1998,36,4,36.8,25.8,73.1,50.1,0.0,1.5,5.8,4.2
AmericanBollworm-Damage,1998,37,7.2,34.8,24.3,78.1,57.6,0.0,0.9,7.1,3.4
AmericanBollworm-Damage,1998,38,6.4,31.8,23.9,81.4,63.7,57.0,0.9,3.8,2.6
AmericanBollworm-Damage,1998,39,10.4,32.0,23.5,84.0,67.3,4.6,1.4,8.1,2.4
AmericanBollworm-Damage,1998,40,6.8,32.1,20.7,77.3,54.7,17.7,0.8,8.6,2.2
AmericanBollworm-Damage,1998,41,8,33.7,20.6,77.1,46.3,0.0,0.7,9.3,2.9
AmericanBollworm-Damage,1998,42,10,27.0,19.0,83.1,65.0,80.8,0.8,4.3,3.1
AmericanBollworm-Damage,1998,43,8,31.8,15.9,63.4,40.0,0.0,0.6,9.6,3.7
AmericanBollworm-Damage,1998,44,6,30.3,13.5,71.9,32.3,0.0,0.7,9.1,3
AmericanBollworm-Damage,1998,45,,28.3,12.6,81.4,38.4,0.0,0.6,8.3,12.7
AmericanBollworm-Damage,1998,46,,28.4,9.8,73.9,30.1,0.0,0.7,8.2,11.9
AmericanBollworm-Damage,1998,47,,27.7,7.9,69.9,34.3,0.0,0.8,8.3,11
AmericanBollworm-Damage,1998,48,,27.0,6.5,71.7,21.4,0.0,1.7,8.6,10
AmericanBollworm-Damage,1998,49,,27.8,6.3,71.9,25.0,0.0,2.1,8.6,9.6
AmericanBollworm-Damage,1998,50,,22.4,5.1,89.6,50.1,0.0,1.5,4.4,10.3
AmericanBollworm-Damage,1998,51,,15.0,7.2,91.9,61.4,0.0,1.4,2.2,1.4
AmericanBollworm-Damage,1998,52,,16.7,6.3,90.1,72.0,0.0,1.1,1.9,1.6
AmericanBollworm-Damage,1999,1,,18.7,8.7,91.0,73.0,19.6,0.6,1.5,1.9
AmericanBollworm-Damage,1999,2,,13.5,4.8,93.3,86.3,0.0,0.8,1,1.7
AmericanBollworm-Damage,1999,3,,14.2,6.1,94.6,72.7,1.2,0.6,1.4,1.7
AmericanBollworm-Damage,1999,4,,18.8,7.7,91.0,68.7,14.8,1.3,3.7,1.9
AmericanBollworm-Damage,1999,5,,18.0,4.5,85.7,61.6,0.0,0.7,7,2
AmericanBollworm-Damage,1999,6,,19.2,5.3,86.7,57.3,0.0,0.8,6.7,2
AmericanBollworm-Damage,1999,7,,24.1,10.5,84.0,57.7,0.0,0.7,5.3,2
AmericanBollworm-Damage,1999,8,,23.6,10.4,79.0,52.1,0.0,0,7.3,2
AmericanBollworm-Damage,1999,9,,25.5,8.8,69.1,40.9,0.0,1.6,9.2,2.1
AmericanBollworm-Damage,1999,10,,27.8,12.7,76.1,41.9,0.0,2.1,7,2.9
AmericanBollworm-Damage,1999,11,,28.6,9.8,60.0,37.4,0.0,1.6,9.5,3
AmericanBollworm-Damage,1999,12,,29.9,12.3,54.6,39.6,0.0,1.2,9.1,3
AmericanBollworm-Damage,1999,13,,34.1,14.6,53.6,33.9,0.0,2.8,6.8,3.9
AmericanBollworm-Damage,1999,14,,36.6,15.8,41.4,19.7,0.0,3.2,8.1,6.1
AmericanBollworm-Damage,1999,15,,38.9,19.2,42.3,17.0,0.0,3,5.4,6.5
AmericanBollworm-Damage,1999,16,,39.2,17.9,37.0,12.6,0.0,2.1,5.1,6.5
AmericanBollworm-Damage,1999,17,,42.0,21.1,43.6,20.3,0.0,1.6,3,6.5
AmericanBollworm-Damage,1999,18,,43.4,23.4,35.7,18.4,0.0,2,4,6.5
AmericanBollworm-Damage,1999,19,,39.4,23.9,46.1,27.3,2.4,4.2,0.8,6
AmericanBollworm-Damage,1999,20,,41.4,26.0,41.4,23.3,0.0,1,6,6
AmericanBollworm-Damage,1999,21,,35.7,24.2,59.0,38.3,37.5,3.7,5.7,3.6
AmericanBollworm-Damage,1999,22,,39.5,23.7,46.9,28.6,13.0,2.7,4,3.5
AmericanBollworm-Damage,1999,23,,36.2,24.6,52.7,38.1,36.5,2.6,5.6,4.6
AmericanBollworm-Damage,1999,24,,38.7,25.9,59.1,32.3,13.2,2.7,0.8,4.5
AmericanBollworm-Damage,1999,25,0,39.5,26.7,63.9,41.1,0.0,2.7,0.5,4.4
AmericanBollworm-Damage,1999,26,0,39.4,29.9,64.9,42.1,0.0,3.2,0.5,3.9
AmericanBollworm-Damage,1999,27,0,39.2,29.2,57.9,41.0,30.4,2.3,5.1,6
AmericanBollworm-Damage,1999,28,0,38.8,28.1,63.9,41.6,3.6,1.8,4.3,6.2
AmericanBollworm-Damage,1999,29,0,35.3,27.8,80.6,57.4,46.4,1.6,4.9,5.4
AmericanBollworm-Damage,1999,30,0,35.7,27.3,76.6,55.1,2.8,1.3,5.2,4
AmericanBollworm-Damage,1999,31,0,34.4,26.3,82.1,62.0,10.8,1,4.7,4.1
AmericanBollworm-Damage,1999,32,0,36.5,27.9,73.0,55.3,0.0,0.3,4.8,3.8
AmericanBollworm-Damage,1999,33,1,36.3,26.4,68.0,49.0,0.0,1.1,5,3.9
AmericanBollworm-Damage,1999,34,2,36.0,26.4,63.4,48.4,0.0,1.1,6,3.7
AmericanBollworm-Damage,1999,35,2,36.0,26.2,64.6,48.6,0.0,2,6.2,3.9
AmericanBollworm-Damage,1999,36,1.5,35.3,25.6,70.9,49.9,0.0,0.4,5.8,3.9
AmericanBollworm-Damage,1999,37,1,35.4,25.2,74.6,53.7,0.0,0.7,4.7,3.9
AmericanBollworm-Damage,1999,38,5,36.8,25.5,64.1,42.9,0.0,0.8,6.7,3.7
AmericanBollworm-Damage,1999,39,1.5,36.6,24.7,71.6,48.7,0.0,1.7,7.1,3.9
AmericanBollworm-Damage,1999,40,1.5,34.0,22.5,78.0,54.3,0.0,2.1,6.9,3.4
AmericanBollworm-Damage,1999,41,4,35.2,18.5,58.9,34.1,0.0,1.5,5.5,3.4
AmericanBollworm-Damage,1999,42,2,33.7,17.3,63.3,29.7,0.0,1.4,0.8,3.4
AmericanBollworm-Damage,1999,43,3,33.8,16.5,60.0,24.3,0.0,1.1,3.7,3.4
AmericanBollworm-Damage,1999,44,0,33.8,16.3,58.3,27.0,0.0,1.4,3.6,3.5
AmericanBollworm-Damage,1999,45,,31.3,13.2,44.3,24.6,0.0,1.4,7,3.4
AmericanBollworm-Damage,1999,46,,30.1,11.1,54.0,19.9,0.0,1.9,6.7,2.1
AmericanBollworm-Damage,1999,47,,28.1,9.9,63.1,20.4,0.0,1.5,3.8,2
AmericanBollworm-Damage,1999,48,,27.2,9.1,59.4,23.0,0.0,1.9,4.9,1.9
AmericanBollworm-Damage,1999,49,,24.0,8.2,77.0,27.3,0.0,2,1.8,1.9
AmericanBollworm-Damage,1999,50,,23.3,6.6,75.3,22.6,0.0,2.3,3,1.8
AmericanBollworm-Damage,1999,51,,22.8,5.4,86.3,29.1,0.0,2,3.2,1.3
AmericanBollworm-Damage,1999,52,,19.9,3.1,87.3,35.9,0.0,1.8,3.5,1.3
AmericanBollworm-Larva,1991,1,,33.3,19.8,73.9,33.4,0.0,1.4,3.6,2
AmericanBollworm-Larva,1991,2,,31.2,16.1,93.6,29.1,0.0,0.8,7.2,2
AmericanBollworm-Larva,1991,3,,32.5,16.5,96.1,27.7,0.0,0.7,5.9,2
AmericanBollworm-Larva,1991,4,,28.8,14.5,97.0,38.6,0.0,0.8,4.2,2
AmericanBollworm-Larva,1991,5,,28.3,12.2,97.3,38.6,0.0,0.6,6.9,1.7
AmericanBollworm-Larva,1991,6,,28.3,10.1,91.7,21.1,0.0,0.7,6.4,1.8
AmericanBollworm-Larva,1991,7,,26.3,6.5,85.1,21.6,0.0,0.6,5.2,1.7
AmericanBollworm-Larva,1991,8,,24.9,6.9,64.6,18.1,0.0,0.8,5.3,1.7
AmericanBollworm-Larva,1991,9,,24.8,6.8,66.1,21.4,0.0,0.6,5.8,1.8
AmericanBollworm-Larva,1991,10,,26.1,5.2,80.1,28.7,0.0,1.3,5.2,1.8
AmericanBollworm-Larva,1991,11,,20.1,4.8,82.3,42.9,1.2,0.7,4.2,1.7
AmericanBollworm-Larva,1991,12,,28.4,11.8,75.3,42.9,0.0,0.8,4.3,0
AmericanBollworm-Larva,1991,13,,32.2,16.5,66.4,35.3,6.8,0.7,4.6,0
AmericanBollworm-Larva,1991,14,,32.7,17.2,77.9,43.6,1.5,0,5.1,0
AmericanBollworm-Larva,1991,15,,28.2,15.4,74.4,52.9,40.0,0.7,6.1,0
AmericanBollworm-Larva,1991,16,,33.0,15.9,47.7,30.6,0.4,0.8,6.8,0
AmericanBollworm-Larva,1991,17,,35.6,19.6,48.6,21.3,4.0,1.7,6.1,0
AmericanBollworm-Larva,1991,18,,39.8,21.7,63.7,29.4,0.0,2.1,6.9,0
AmericanBollworm-Larva,1991,19,,40.5,21.8,52.1,32.6,0.0,1.5,7.4,0
AmericanBollworm-Larva,1991,20,,41.4,23.4,50.0,33.0,0.0,1.4,7.5,0
AmericanBollworm-Larva,1991,21,,39.3,23.7,55.1,37.0,11.4,1.1,7.7,0
AmericanBollworm-Larva,1991,22,,40.3,24.9,54.1,38.4,0.0,1.4,6.2,0
AmericanBollworm-Larva,1991,23,,40.6,26.1,52.1,32.6,5.0,1.9,7.6,0
AmericanBollworm-Larva,1991,24,,36.6,26.5,51.6,38.7,18.5,1.5,7.5,0
AmericanBollworm-Larva,1991,25,,32.4,24.3,54.4,41.0,49.2,1.9,7.3,0
AmericanBollworm-Larva,1991,26,,36.7,28.0,45.1,32.0,0.0,2,6.8,0
AmericanBollworm-Larva,1991,27,,40.5,29.7,57.9,36.1,0.0,2.3,6.3,0
AmericanBollworm-Larva,1991,28,,39.7,27.3,39.6,23.9,7.0,2,5.7,0
AmericanBollworm-Larva,1991,29,,39.5,28.4,30.0,21.1,12.0,1.8,5.1,0
AmericanBollworm-Larva,1991,30,,38.7,29.1,36.4,19.6,0.0,1.8,5.8,2.4
AmericanBollworm-Larva,1991,31,0,39.0,28.1,36.9,18.3,0.0,1.9,5.5,6.9
AmericanBollworm-Larva,1991,32,0.4,37.5,27.9,44.4,26.7,16.0,2.1,5.8,6.3
AmericanBollworm-Larva,1991,33,0,37.1,27.5,30.1,16.1,0.0,3.4,4.3,7.7
AmericanBollworm-Larva,1991,34,0,33.0,25.6,69.0,43.9,36.4,2.3,4.5,6.6
AmericanBollworm-Larva,1991,35,0.5,30.8,24.8,82.9,50.9,27.2,2.8,4.5,4.9
AmericanBollworm-Larva,1991,36,0.4,34.2,26.2,77.1,50.3,0.0,3,3.9,4.3
AmericanBollworm-Larva,1991,37,0.8,33.9,24.7,72.6,41.4,0.0,2.6,3.6,4
AmericanBollworm-Larva,1991,38,0.5,33.1,22.7,70.3,48.3,0.0,2.3,4.4,5.1
AmericanBollworm-Larva,1991,39,0,34.1,21.7,80.0,38.4,0.0,2.5,3.8,5.9
AmericanBollworm-Larva,1991,40,0.4,30.7,14.8,60.4,36.0,0.0,2.4,4.2,4.6
AmericanBollworm-Larva,1991,41,0.4,35.0,15.9,72.7,45.7,0.0,2.3,4.4,5.7
AmericanBollworm-Larva,1991,42,1,31.5,15.6,70.4,35.1,23.2,2.5,4.3,3
AmericanBollworm-Larva,1991,43,,31.6,15.2,71.7,34.0,0.0,1.4,7.5,3
AmericanBollworm-Larva,1991,44,,30.6,13.0,74.0,23.9,0.0,1.6,7.7,3.4
AmericanBollworm-Larva,1991,45,,32.5,13.0,82.6,26.4,0.0,1.3,6.2,2.5
AmericanBollworm-Larva,1991,46,,28.2,10.4,79.6,32.0,0.0,1.5,7.6,2
AmericanBollworm-Larva,1991,47,,26.3,8.6,79.4,29.7,0.0,0.9,7.5,2
AmericanBollworm-Larva,1991,48,,24.6,7.9,77.4,29.3,0.0,0.9,7.3,2.2
AmericanBollworm-Larva,1991,49,,25.0,6.9,79.7,34.1,0.0,1.4,6.8,1
AmericanBollworm-Larva,1991,50,,25.4,8.6,75.1,34.6,0.0,0.8,6.3,1
AmericanBollworm-Larva,1991,51,,21.3,7.8,86.6,65.7,0.0,0.7,5.7,0.9
AmericanBollworm-Larva,1991,52,,18.1,4.8,80.0,58.6,0.0,0.8,5.1,0.7
AmericanBollworm-Larva,1993,1,,22.6,9.5,78.0,53.0,0.0,1.4,4.8,9.9
AmericanBollworm-Larva,1993,2,,16.9,4.5,75.7,52.0,0.0,1.3,4.8,10
AmericanBollworm-Larva,1993,3,,16.2,3.7,74.7,63.3,0.0,1.8,5.7,10.9
AmericanBollworm-Larva,1993,4,,21.0,3.0,66.1,34.7,0.0,1.1,5.7,12.2
AmericanBollworm-Larva,1993,5,,24.9,7.1,78.1,49.0,0.0,1.4,5.7,13.1
AmericanBollworm-Larva,1993,6,,27.7,8.6,71.4,43.0,0.0,1.6,4.8,13.9
AmericanBollworm-Larva,1993,7,,29.7,11.8,69.6,37.4,0.0,1.3,6.3,13.1
AmericanBollworm-Larva,1993,8,,21.8,6.5,60.9,34.7,10.3,1.5,7,14.1
AmericanBollworm-Larva,1993,9,,21.3,8.9,65.1,49.6,0.0,0.9,6.6,16
AmericanBollworm-Larva,1993,10,,27.4,10.0,51.7,38.1,0.0,0.9,6.3,16
AmericanBollworm-Larva,1993,11,,26.3,9.4,48.3,25.9,0.0,1.4,5.5,16.5
AmericanBollworm-Larva,1993,12,,27.1,13.3,55.0,41.9,0.0,0.8,5.9,19.2
AmericanBollworm-Larva,1993,13,,27.6,8.7,60.0,43.7,0.0,0.7,4.9,19.4
AmericanBollworm-Larva,1993,14,,31.9,11.3,53.6,41.7,0.0,0.8,5.9,22.6
AmericanBollworm-Larva,1993,15,,33.8,14.7,53.4,34.3,0.0,0.6,5.6,26
AmericanBollworm-Larva,1993,16,,37.2,16.3,49.7,24.1,0.0,0.7,5.9,26.6
AmericanBollworm-Larva,1993,17,,43.0,20.0,36.9,16.0,0.0,0.6,6,28.8
AmericanBollworm-Larva,1993,18,,41.3,23.3,47.3,17.7,0.0,0.8,5.9,29.7
AmericanBollworm-Larva,1993,19,,41.0,22.7,45.3,23.1,4.0,0.6,4.9,30.9
AmericanBollworm-Larva,1993,20,,40.5,22.8,38.4,19.6,3.0,1.3,4.8,29.6
AmericanBollworm-Larva,1993,21,,45.0,27.3,26.6,14.3,0.0,0.7,4.1,29.3
AmericanBollworm-Larva,1993,22,,40.7,25.4,41.9,29.6,13.0,0.8,4.8,34.6
AmericanBollworm-Larva,1993,23,,44.9,25.1,45.0,15.7,0.0,0.7,8,36.9
AmericanBollworm-Larva,1993,24,0,42.7,26.1,53.3,28.9,21.3,0,5.2,33.9
AmericanBollworm-Larva,1993,25,0,39.4,23.2,67.7,39.3,17.6,0.7,5.7,34.5
AmericanBollworm-Larva,1993,26,0,38.0,24.5,68.6,41.0,4.8,0.8,7.3,29.6
AmericanBollworm-Larva,1993,27,0,40.5,25.8,68.0,43.4,4.5,1.7,4.4,26.9
AmericanBollworm-Larva,1993,28,0,33.2,23.7,81.6,63.6,3.2,2.1,4.5,26.9
AmericanBollworm-Larva,1993,29,0,33.9,23.6,83.7,68.0,29.2,1.5,4.8,25.4
AmericanBollworm-Larva,1993,30,0,34.9,23.4,78.9,51.0,0.0,1.4,9.4,24.5
AmericanBollworm-Larva,1993,31,0,39.0,24.8,69.7,45.1,0.0,1.1,6.9,27.6
AmericanBollworm-Larva,1993,32,0,36.7,27.4,73.1,48.3,0.0,1.4,4.7,24.7
AmericanBollworm-Larva,1993,33,0.2,38.0,27.1,66.0,41.1,0.0,1.9,6.5,23.9
AmericanBollworm-Larva,1993,34,0.4,37.8,27.2,65.3,52.3,0.0,1.5,5.8,23.7
AmericanBollworm-Larva,1993,35,0.3,37.3,25.4,75.6,54.4,0.0,1.9,5.4,24.4
AmericanBollworm-Larva,1993,36,0.4,32.1,23.5,86.6,63.7,24.6,2,5.8,22
AmericanBollworm-Larva,1993,37,0.5,31.9,23.9,88.4,62.3,44.5,2.3,1.9,19.7
AmericanBollworm-Larva,1993,38,0.8,34.5,24.8,80.9,51.0,0.0,2,8.6,19.9
AmericanBollworm-Larva,1993,39,0.8,34.2,22.4,85.1,52.9,0.0,1.8,8.9,20.7
AmericanBollworm-Larva,1993,40,0.6,36.0,21.0,72.7,36.1,0.0,1.8,9,17.4
AmericanBollworm-Larva,1993,41,0.4,36.1,17.5,50.1,27.9,0.0,1.9,8.1,16.9
AmericanBollworm-Larva,1993,42,0.4,33.8,12.4,46.9,23.3,0.0,2.1,7.4,16.9
AmericanBollworm-Larva,1993,43,0.2,31.6,11.9,53.7,16.6,0.0,3.4,5.3,16.6
AmericanBollworm-Larva,1993,44,,31.3,11.1,54.4,17.9,0.0,2.8,5.9,9.9
AmericanBollworm-Larva,1993,45,,31.6,13.4,71.3,35.1,0.0,3,4.9,10
AmericanBollworm-Larva,1993,46,,29.5,11.9,74.0,22.3,0.0,2.6,4.8,10.9
AmericanBollworm-Larva,1993,47,,28.0,8.6,68.0,23.7,0.0,2.3,4.1,12.2
AmericanBollworm-Larva,1993,48,,28.2,7.4,70.4,23.4,0.0,2.5,6.5,13.1
AmericanBollworm-Larva,1993,49,,26.9,7.5,71.3,24.6,0.0,2.4,6.2,13.9
AmericanBollworm-Larva,1993,50,,24.6,4.4,67.9,23.0,0.0,2.3,4.3,13.1
AmericanBollworm-Larva,1993,51,,23.7,3.1,75.6,28.0,0.0,2.5,0.3,14.1
AmericanBollworm-Larva,1993,52,,22.0,3.3,86.3,31.8,0.0,1.4,2.9,16
BacteriaLeafBlight,2002,1,,18.4,4.2,92.0,47.9,0.0,0.8,4.9,1.4
BacteriaLeafBlight,2002,2,,21.7,6.9,86.6,35.7,0.0,0.7,7.2,1.6
BacteriaLeafBlight,2002,3,,19.0,6.7,77.1,44.3,0.0,0,4,1.9
BacteriaLeafBlight,2002,4,,19.8,4.5,77.7,25.9,0.0,0.7,7,1.9
BacteriaLeafBlight,2002,5,,21.5,3.7,63.4,28.6,0.0,0.8,8,2.2
BacteriaLeafBlight,2002,6,,20.1,4.7,84.1,74.9,0.0,1.7,7.2,3.7
BacteriaLeafBlight,2002,7,,21.4,7.5,81.7,48.9,4.8,2.1,6.5,2.1
BacteriaLeafBlight,2002,8,,26.1,12.5,74.3,35.9,10.4,1.5,6.9,3.3
BacteriaLeafBlight,2002,9,,23.1,10.7,84.3,49.0,1.5,1.4,5.8,3.8
BacteriaLeafBlight,2002,10,,27.2,11.4,67.7,37.6,67.0,1.1,8.4,3.7
BacteriaLeafBlight,2002,11,,29.7,12.3,55.3,31.3,9.6,1.4,6.8,3.7
BacteriaLeafBlight,2002,12,,33.1,17.3,60.7,44.3,0.0,1.9,7.9,3.2
BacteriaLeafBlight,2002,13,,34.2,16.9,53.6,24.7,0.0,1.5,9.3,3.3
BacteriaLeafBlight,2002,14,,36.1,18.4,56.7,22.7,12.4,1.9,4.9,5.8
BacteriaLeafBlight,2002,15,,37.7,19.6,43.0,28.6,0.0,2,7.7,5.8
BacteriaLeafBlight,2002,16,,40.3,23.6,43.9,26.7,0.0,2.3,6.2,5.8
BacteriaLeafBlight,2002,17,,41.0,22.9,43.7,20.7,0.0,2,4.6,5.2
BacteriaLeafBlight,2002,18,,40.9,25.0,44.3,20.1,0.0,1.8,2.5,3.4
BacteriaLeafBlight,2002,19,,43.9,27.0,40.9,16.7,0.0,1.8,5.4,4.2
BacteriaLeafBlight,2002,20,,44.5,28.8,29.7,21.4,0.0,1.9,3,4.1
BacteriaLeafBlight,2002,21,,43.9,26.1,43.4,21.1,0.0,2.1,6.2,4.1
BacteriaLeafBlight,2002,22,,35.7,23.5,71.1,44.9,0.0,3.4,0.9,3.6
BacteriaLeafBlight,2002,23,,40.2,29.0,52.1,34.7,10.4,2.3,2.4,3.6
BacteriaLeafBlight,2002,24,,42.8,29.0,46.9,33.9,0.0,2.8,1.9,3.9
BacteriaLeafBlight,2002,25,,39.5,27.3,52.9,40.0,67.0,3,6.1,3.6
BacteriaLeafBlight,2002,26,,42.5,29.3,44.1,32.4,0.0,2.6,2.2,3.7
BacteriaLeafBlight,2002,27,,39.8,28.9,61.9,40.0,5.8,2.3,2,3.8
BacteriaLeafBlight,2002,28,,39.9,29.5,56.6,36.4,0.0,2.5,2.7,3.7
BacteriaLeafBlight,2002,29,,40.3,30.1,54.6,40.0,0.0,2.4,4.2,3.8
BacteriaLeafBlight,2002,30,1.09,37.5,29.3,60.4,43.6,0.0,2.3,1.5,3.4
BacteriaLeafBlight,2002,31,0.87,37.1,29.0,64.3,41.7,10.2,2.5,4.2,3.3
BacteriaLeafBlight,2002,32,0.65,37.8,29.4,71.4,48.7,0.0,1.4,4,3.2
BacteriaLeafBlight,2002,33,0.23,36.6,28.1,71.9,49.0,0.0,1.3,1.9,3.3
BacteriaLeafBlight,2002,34,0.11,37.2,27.9,69.4,49.9,0.0,1.8,5.5,3.2
BacteriaLeafBlight,2002,35,0.07,35.9,26.9,65.1,48.0,0.0,1.1,6.3,3.2
BacteriaLeafBlight,2002,36,0.14,33.0,23.1,77.4,59.0,4.2,1.4,7.7,3.1
BacteriaLeafBlight,2002,37,0.14,33.0,23.5,77.4,61.0,0.0,1.6,5.8,2.9
BacteriaLeafBlight,2002,38,0.05,34.4,23.5,65.6,52.4,0.0,1.3,6.7,2.4
BacteriaLeafBlight,2002,39,0.01,35.9,22.0,60.0,39.9,0.0,1.5,7.8,2.4
BacteriaLeafBlight,2002,40,0,37.3,19.9,58.9,17.7,0.0,0.9,5.9,2.1
BacteriaLeafBlight,2002,41,0,36.2,21.0,64.4,33.6,0.0,0.9,3.5,2
BacteriaLeafBlight,2002,42,,33.3,19.8,73.9,33.4,0.0,1.4,3.6,2
BacteriaLeafBlight,2002,43,,31.2,16.1,93.6,29.1,0.0,0.8,7.2,2
BacteriaLeafBlight,2002,44,,32.5,16.5,96.1,27.7,0.0,0.7,5.9,2
BacteriaLeafBlight,2002,45,,28.8,14.5,97.0,38.6,0.0,0.8,4.2,2
BacteriaLeafBlight,2002,46,,28.3,12.2,97.3,38.6,0.0,0.6,6.9,1.7
BacteriaLeafBlight,2002,47,,28.3,10.1,91.7,21.1,0.0,0.7,6.4,1.8
BacteriaLeafBlight,2002,48,,26.3,6.5,85.1,21.6,0.0,0.6,5.2,1.7
BacteriaLeafBlight,2002,49,,24.9,6.9,64.6,18.1,0.0,0.8,5.3,1.7
BacteriaLeafBlight,2002,50,,24.8,6.8,66.1,21.4,0.0,0.6,5.8,1.8
BacteriaLeafBlight,2002,51,,26.1,5.2,80.1,28.7,0.0,1.3,5.2,1.8
BacteriaLeafBlight,2002,52,,20.1,4.8,82.3,42.9,1.2,0.7,4.2,1.7
Jassid,2002,1,,18.4,4.2,92.0,47.9,0.0,0.8,4.9,1.4
Jassid,2002,2,,21.7,6.9,86.6,35.7,0.0,0.6,7.2,1.6
Jassid,2002,3,,19.0,6.7,77.1,44.3,0.0,1.3,4,1.9
Jassid,2002,4,,19.8,4.5,77.7,25.9,0.0,0.7,7,1.9
Jassid,2002,5,,21.5,3.7,63.4,28.6,0.0,0.8,8,2.2
Jassid,2002,6,,20.1,4.7,84.1,74.9,0.0,0.7,7.2,3.7
Jassid,2002,7,,21.4,7.5,81.7,48.9,4.8,0,6.5,2.1
Jassid,2002,8,,26.1,12.5,74.3,35.9,10.4,0.7,6.9,3.3
Jassid,2002,9,,23.1,10.7,84.3,49.0,1.5,0.8,5.8,3.8
Jassid,2002,10,,27.2,11.4,67.7,37.6,67.0,1.7,8.4,3.7
Jassid,2002,11,,29.7,12.3,55.3,31.3,9.6,2.1,6.8,3.7
Jassid,2002,12,,33.1,17.3,60.7,44.3,0.0,1.5,7.9,3.2
Jassid,2002,13,,34.2,16.9,53.6,24.7,0.0,1.4,9.3,3.3
Jassid,2002,14,,36.1,18.4,56.7,22.7,12.4,1.1,4.9,5.8
Jassid,2002,15,,37.7,19.6,43.0,28.6,0.0,1.4,7.7,5.8
Jassid,2002,16,,40.3,23.6,43.9,26.7,0.0,1.9,6.2,5.8
Jassid,2002,17,,41.0,22.9,43.7,20.7,0.0,1.5,4.6,5.2
Jassid,2002,18,,40.9,25.0,44.3,20.1,0.0,1.9,2.5,3.4
Jassid,2002,19,,43.9,27.0,40.9,16.7,0.0,2,5.4,4.2
Jassid,2002,20,,44.5,28.8,29.7,21.4,0.0,2.3,3,4.1
Jassid,2002,21,,43.9,26.1,43.4,21.1,0.0,2,6.2,4.1
Jassid,2002,22,,35.7,23.5,71.1,44.9,0.0,1.8,0.9,3.6
Jassid,2002,23,,40.2,29.0,52.1,34.7,10.4,1.8,2.4,3.6
Jassid,2002,24,,42.8,29.0,46.9,33.9,0.0,1.9,1.9,3.9
Jassid,2002,25,,39.5,27.3,52.9,40.0,67.0,2.1,6.1,3.6
Jassid,2002,26,,42.5,29.3,44.1,32.4,0.0,3.4,2.2,3.7
Jassid,2002,27,0,39.8,28.9,61.9,40.0,5.8,2.3,2,3.8
Jassid,2002,28,0,39.9,29.5,56.6,36.4,0.0,2.8,2.7,3.7
Jassid,2002,29,0.36,40.3,30.1,54.6,40.0,0.0,3,4.2,3.8
Jassid,2002,30,0.36,37.5,29.3,60.4,43.6,0.0,2.6,1.5,3.4
Jassid,2002,31,0.16,37.1,29.0,64.3,41.7,10.2,2.3,4.2,3.3
Jassid,2002,32,0.28,37.8,29.4,71.4,48.7,0.0,2.5,4,3.2
Jassid,2002,33,0.6,36.6,28.1,71.9,49.0,0.0,2.4,1.9,3.3
Jassid,2002,34,0.16,37.2,27.9,69.4,49.9,0.0,2.3,5.5,3.2
Jassid,2002,35,0.16,35.9,26.9,65.1,48.0,0.0,2.5,6.3,3.2
Jassid,2002,36,0.28,33.0,23.1,77.4,59.0,4.2,1.4,7.7,3.1
Jassid,2002,37,0.4,33.0,23.5,77.4,61.0,0.0,1.3,5.8,2.9
Jassid,2002,38,0.44,34.4,23.5,65.6,52.4,0.0,1.8,6.7,2.4
Jassid,2002,39,0.36,35.9,22.0,60.0,39.9,0.0,1.1,7.8,2.4
Jassid,2002,40,0.24,37.3,19.9,58.9,17.7,0.0,1.4,5.9,2.1
Jassid,2002,41,0.44,36.2,21.0,64.4,33.6,0.0,1.6,3.5,2
Jassid,2002,42,0.52,33.3,19.8,73.9,33.4,0.0,1.3,3.6,2
Jassid,2002,43,0.25,31.2,16.1,93.6,29.1,0.0,1.5,7.2,2
Jassid,2002,44,,32.5,16.5,96.1,27.7,0.0,0.7,5.9,2
Jassid,2002,45,,28.8,14.5,97.0,38.6,0.0,0.8,4.2,2
Jassid,2002,46,,28.3,12.2,97.3,38.6,0.0,1.7,6.9,1.7
Jassid,2002,47,,28.3,10.1,91.7,21.1,0.0,2.1,6.4,1.8
Jassid,2002,48,,26.3,6.5,85.1,21.6,0.0,1.5,5.2,1.7
Jassid,2002,49,,24.9,6.9,64.6,18.1,0.0,1.4,5.3,1.7
Jassid,2002,50,,24.8,6.8,66.1,21.4,0.0,1.1,5.8,1.8
Jassid,2002,51,,26.1,5.2,80.1,28.7,0.0,1.4,5.2,1.8
Jassid,2002,52,,20.1,4.8,82.3,42.9,1.2,1.9,4.2,1.7
Jassid,2003,1,,14.9,5.3,87.9,62.9,0.0,0.9,3.4,1.4
Jassid,2003,2,,12.7,5.5,94.4,51.6,0.0,0.9,3.4,1.3
Jassid,2003,3,,13.7,4.9,88.7,34.9,0.0,1.4,4.6,1.5
Jassid,2003,4,,22.2,5.9,86.3,26.4,0.0,0.8,6.2,1.8
Jassid,2003,5,,17.4,6.3,88.1,62.1,0.0,0.7,1.9,1.8
Jassid,2003,6,,21.3,7.5,81.4,31.3,0.0,0.8,8.2,1.9
Jassid,2003,7,,22.6,8.5,82.1,52.6,0.0,0.6,5.5,2.1
Jassid,2003,8,,21.8,8.5,93.0,54.4,0.0,0.7,7.3,2.4
Jassid,2003,9,,26.7,9.0,93.9,63.7,0.0,0.6,6.5,2.3
Jassid,2003,10,,23.4,10.1,83.7,49.9,0.0,0.8,8.7,2.2
Jassid,2003,11,,27.3,11.8,77.0,37.4,0.0,0.6,6.9,2.6
Jassid,2003,12,,31.0,13.4,86.0,48.1,0.0,1.3,8.3,4.9
Jassid,2003,13,,32.1,14.3,78.9,49.7,0.0,0.7,6.5,4
Jassid,2003,14,,33.6,15.2,71.6,41.4,0.0,0.8,8.5,3.8
Jassid,2003,15,,39.7,17.1,55.4,32.0,0.0,0.7,6.6,3.9
Jassid,2003,16,,37.3,18.8,80.7,49.0,0.0,0,6.7,3.6
Jassid,2003,17,,39.3,20.9,70.7,35.1,0.0,0.8,5.7,3.4
Jassid,2003,18,,38.3,22.9,43.7,23.9,0.0,2.1,5.8,2.5
Jassid,2003,19,,39.2,23.7,52.6,23.1,0.0,0.7,6,3.8
Jassid,2003,20,,42.0,24.7,50.9,24.6,0.0,0.8,6.3,3.9
Jassid,2003,21,,39.4,25.4,65.3,43.1,0.0,1.7,6.6,3.8
Jassid,2003,22,,43.2,25.1,41.1,25.9,0.0,2.1,4.8,4
Jassid,2003,23,,44.2,26.0,48.4,28.6,0.0,1.5,5.1,4.3
Jassid,2003,24,,43.9,26.6,47.6,27.7,0.0,1.4,5.1,4
Jassid,2003,25,,37.9,27.0,64.1,50.1,0.0,1.1,4.2,3.7
Jassid,2003,26,0.12,37.5,28.0,66.1,46.1,24.2,1.4,4.1,3.7
Jassid,2003,27,0.24,39.1,27.7,75.4,50.1,20.0,1.9,5.1,4.6
Jassid,2003,28,0.48,32.8,26.4,83.4,70.9,9.4,1.5,4.3,4.5
Jassid,2003,29,0.64,32.2,26.7,89.0,78.4,102.6,1.9,4.9,4.1
Jassid,2003,30,4.36,34.0,26.4,84.6,70.9,33.8,2,5.2,4.1
Jassid,2003,31,11.28,32.4,26.4,84.0,77.0,22.6,2.3,4.7,4.7
Jassid,2003,32,2.36,35.5,26.7,80.3,63.6,70.2,2,4.8,4.3
Jassid,2003,33,8.72,35.6,26.3,78.0,65.0,0.0,1.8,5,4.1
Jassid,2003,34,3.48,35.1,26.0,79.1,62.0,0.0,1.8,6,4.1
Jassid,2003,35,3.32,34.2,25.5,87.6,70.7,21.6,1.9,6.2,4.3
Jassid,2003,36,2.52,34.2,25.2,79.0,62.7,8.4,2.1,5.8,3.9
Jassid,2003,37,1.72,35.3,24.6,76.0,61.6,0.0,3.4,4.7,3.5
Jassid,2003,38,0.52,36.1,23.4,71.1,59.3,0.0,2.3,6.7,3.5
Jassid,2003,39,1.28,33.5,21.8,82.1,54.6,13.2,2.8,7.1,3.8
Jassid,2003,40,0.48,33.4,19.5,82.9,47.7,0.0,3,6.9,2.9
Jassid,2003,41,1,34.3,17.7,62.1,37.3,0.0,2.6,6.6,2.7
Jassid,2003,42,0.72,33.6,15.5,47.9,31.4,0.0,2.3,5.7,2.7
Jassid,2003,43,0.52,33.5,13.8,64.4,27.9,0.0,2.5,6.3,2.6
Jassid,2003,44,0.92,32.5,13.0,61.4,28.3,0.0,2.4,5.6,2.3
Jassid,2003,45,0.32,32.8,11.8,64.1,31.3,0.0,2.3,6.9,2.4
Jassid,2003,46,,28.2,10.5,72.1,36.3,0.0,0.7,6.5,2.3
Jassid,2003,47,,24.7,8.8,63.0,29.4,0.0,0.8,6.4,2.3
Jassid,2003,48,,24.9,7.0,56.1,19.3,0.0,1.7,6.2,2.1
Jassid,2003,49,,26.4,7.5,62.1,28.7,0.0,2.1,5.8,2.1
Jassid,2003,50,,23.9,6.8,89.0,54.1,0.0,1.5,4.7,2.2
Jassid,2003,51,,19.5,5.2,91.4,44.7,0.0,1.4,4.7,2
Jassid,2003,52,,16.7,4.8,85.4,51.4,0.0,1.1,4.1,1.7
Jassid,2005,1,,18.0,8.0,84.9,49.1,6.2,0.6,4.1,1.8
Jassid,2005,2,,20.4,6.8,84.1,46.4,0.0,0.8,7.1,2
Jassid,2005,3,,18.9,6.5,81.7,48.1,0.0,0.6,5.4,2
Jassid,2005,4,,16.0,6.8,83.1,56.1,0.0,1.3,3.2,1.9
Jassid,2005,5,,18.2,5.4,75.0,37.9,0.0,0.7,8.6,1.9
Jassid,2005,6,,18.7,12.5,90.4,70.4,37.6,0.8,2.2,2
Jassid,2005,7,,22.1,11.5,77.4,57.1,2.4,0.7,5.6,2.1
Jassid,2005,8,,18.8,7.4,75.0,43.4,0.0,0,7.4,2.1
Jassid,2005,9,,23.6,13.1,80.7,48.1,0.0,0.7,6,2.3
Jassid,2005,10,,25.1,14.9,85.6,66.7,31.0,0.8,6.1,2.3
Jassid,2005,11,,28.2,16.1,81.3,63.4,2.4,1.7,2.5,2.6
Jassid,2005,12,,27.1,15.5,76.9,57.0,24.6,2.1,7.5,2.2
Jassid,2005,13,,30.4,14.4,60.4,35.1,0.0,1.5,9.1,2.5
Jassid,2005,14,,35.9,15.6,38.4,20.6,0.0,1.4,7.8,2.7
Jassid,2005,15,,33.3,15.3,48.0,16.9,0.0,1.1,5.4,2.5
Jassid,2005,16,,38.0,18.7,41.3,18.4,0.0,1.4,5.7,2.8
Jassid,2005,17,,35.1,21.2,48.4,32.0,0.0,1.9,4.7,2.9
Jassid,2005,18,,34.8,22.6,56.3,36.1,26.6,1.5,6.1,2.6
Jassid,2005,19,,38.1,22.1,54.4,31.0,0.0,1.9,8.6,2.8
Jassid,2005,20,,42.0,23.1,51.7,26.6,0.0,2,5.1,3
Jassid,2005,21,,42.1,25.2,34.7,26.0,0.0,2.3,5,3
Jassid,2005,22,,40.8,25.1,45.3,28.7,0.0,2,4.1,3.2
Jassid,2005,23,,42.3,26.0,53.3,31.6,4.6,1.8,4.7,2.8
Jassid,2005,24,,41.0,27.3,43.6,28.6,0.0,1.8,3,3
Jassid,2005,25,,44.2,31.8,49.6,29.0,0.0,1.9,2.5,3.7
Jassid,2005,26,,38.8,29.2,72.4,57.0,0.0,2.1,3,2.9
Jassid,2005,27,,32.6,25.7,80.3,59.7,71.4,3.4,3.1,2.1
Jassid,2005,28,,34.6,28.2,83.6,62.4,0.0,2.3,2.9,2.3
Jassid,2005,29,0.15,36.5,26.6,70.1,54.0,0.0,2.8,4,2.8
Jassid,2005,30,0.42,37.9,28.8,76.3,46.4,0.0,3,4.3,3.1
Jassid,2005,31,0.88,37.9,28.5,74.0,55.3,0.0,2.6,6.5,3
Jassid,2005,32,0,35.8,27.4,66.4,55.4,0.0,2.3,4.8,2.7
Jassid,2005,33,1.67,36.8,27.2,66.0,55.4,18.6,2.5,5,2.5
Jassid,2005,34,1.12,36.7,28.4,64.3,52.7,0.0,2.4,6.7,2.3
Jassid,2005,35,2.48,36.2,26.4,73.0,52.4,0.0,2.3,6.2,2.6
Jassid,2005,36,1.36,37.0,26.8,71.4,60.4,8.2,2.5,6.1,2.6
Jassid,2005,37,1,29.0,22.9,85.3,81.4,112.4,1.4,1.8,2.5
Jassid,2005,38,0.68,32.3,25.0,82.9,74.0,0.0,1.3,8.5,2.2
Jassid,2005,39,1,32.3,25.1,75.3,63.1,58.2,1.8,7.6,2.2
Jassid,2005,40,0,34.5,21.9,58.0,36.7,0.0,1.1,7.1,2.2
Jassid,2005,41,0.52,34.6,20.5,53.3,33.4,0.0,1.4,7,2.2
Jassid,2005,42,0.2,33.5,18.3,71.0,38.1,0.0,1.6,4.5,2.1
Jassid,2005,43,0,32.8,13.2,53.6,22.4,0.0,1.3,7,1.7
Jassid,2005,44,0.68,31.7,13.1,57.0,24.3,0.0,1.5,4.1,1.7
Jassid,2005,45,,29.0,10.7,60.6,28.0,0.0,0.7,3.4,1.8
Jassid,2005,46,,29.4,10.0,49.7,22.0,0.0,0.8,4,1.7
Jassid,2005,47,,28.9,8.5,53.0,21.1,0.0,1.7,2.1,1.8
Jassid,2005,48,,23.1,7.5,58.4,29.3,0.0,2.1,4.1,1.7
Jassid,2005,49,,24.1,4.5,59.7,17.7,0.0,1.5,5.2,1.7
Jassid,2005,50,,23.0,3.5,51.0,17.0,0.0,1.4,3.3,1.8
Jassid,2005,51,,19.5,4.2,83.7,46.9,0.0,1.1,3.7,1.7
Jassid,2005,52,,19.4,6.5,90.0,40.6,0.0,1.4,2.7,1.6
Jassid-Nymph,1988,1,,35.0,22.2,67.7,46.6,0.0,0.7,6.9,2.9
Jassid-Nymph,1988,2,,36.5,22.1,66.4,38.0,0.0,0.8,6.1,2
Jassid-Nymph,1988,3,,35.6,20.9,57.7,34.3,0.0,0.6,5.7,2
Jassid-Nymph,1988,4,,33.2,20.5,67.9,42.6,0.0,0.7,3.4,1.9
Jassid-Nymph,1988,5,,28.9,17.6,74.6,47.4,0.0,0.6,2.7,1.9
Jassid-Nymph,1988,6,,29.5,16.6,75.4,45.4,0.0,0.8,1.4,1.7
Jassid-Nymph,1988,7,,31.2,14.8,71.9,37.7,0.0,0.6,5.1,3.1
Jassid-Nymph,1988,8,,28.7,14.4,77.1,43.0,0.0,1.3,4.1,2.5
Jassid-Nymph,1988,9,,24.6,12.6,79.3,48.9,5.4,0.7,4.9,2.9
Jassid-Nymph,1988,10,,24.5,7.4,64.0,28.0,0.0,0.8,5.6,2.6
Jassid-Nymph,1988,11,,21.2,8.1,79.0,46.7,0.0,0.7,5.5,2
Jassid-Nymph,1988,12,,20.1,6.7,74.7,40.3,0.0,0,4.8,2.1
Jassid-Nymph,1988,13,,23.3,8.1,76.3,28.4,0.0,0.7,5.2,2
Jassid-Nymph,1988,14,,20.8,6.9,83.0,47.4,0.0,0.8,5.2,2
Jassid-Nymph,1988,15,,35.8,17.6,52.0,29.0,4.3,1.7,6.8,26
Jassid-Nymph,1988,16,,37.4,19.7,48.0,29.0,0.8,2.1,6.3,26.6
Jassid-Nymph,1988,17,,39.3,21.4,45.0,23.0,0.9,1.5,5.7,28.8
Jassid-Nymph,1988,18,,39.9,23.2,50.0,25.0,1.9,1.4,5.1,29.7
Jassid-Nymph,1988,19,,40.1,23.9,50.0,25.0,2.0,1.1,5.8,30.9
Jassid-Nymph,1988,20,,41.6,25.2,47.0,25.0,4.9,1.4,5.5,29.6
Jassid-Nymph,1988,21,,41.3,25.4,48.0,27.0,8.7,1.9,5.8,29.3
Jassid-Nymph,1988,22,,41.1,25.7,49.0,30.0,5.6,1.5,4.3,34.6
Jassid-Nymph,1988,23,,41.0,26.4,51.0,32.0,10.6,1.9,4.5,36.9
Jassid-Nymph,1988,24,0.62,39.9,26.6,57.0,36.0,12.0,2,4.5,33.9
Jassid-Nymph,1988,25,1,39.1,27.3,59.0,40.0,24.5,2.3,3.9,34.5
Jassid-Nymph,1988,26,1.5,38.8,28.3,65.0,45.0,12.6,2,3.6,29.6
Jassid-Nymph,1988,27,2.1,37.2,27.7,70.0,50.0,44.6,1.8,4.4,26.9
Jassid-Nymph,1988,28,2.7,36.5,27.0,72.0,52.0,19.8,1.8,3.8,26.9
Jassid-Nymph,1988,29,3.5,35.9,27.2,74.0,56.0,36.3,1.9,4.2,25.4
Jassid-Nymph,1988,30,0,35.8,27.0,76.0,56.0,19.1,2.1,4.4,24.5
Jassid-Nymph,1988,31,3.2,35.5,26.8,76.0,58.0,17.0,3.4,4.3,27.6
Jassid-Nymph,1988,32,2.1,35.4,27.0,75.0,58.0,17.9,2.3,4.8,24.7
Jassid-Nymph,1988,33,,29.0,10.7,60.6,28.0,0.0,0.7,3.4,1.8
Jassid-Nymph,1988,34,,29.4,10.0,49.7,22.0,0.0,0.8,4,1.7
Jassid-Nymph,1988,35,,28.9,8.5,53.0,21.1,0.0,1.7,2.1,1.8
Jassid-Nymph,1988,36,,23.1,7.5,58.4,29.3,0.0,2.1,4.1,1.7
Jassid-Nymph,1988,37,,24.1,4.5,59.7,17.7,0.0,1.5,5.2,1.7
Jassid-Nymph,1988,38,,23.0,3.5,51.0,17.0,0.0,1.4,3.3,1.8
Jassid-Nymph,1988,39,,19.5,4.2,83.7,46.9,0.0,1.1,3.7,1.7
Jassid-Nymph,1988,40,,19.4,6.5,90.0,40.6,0.0,1.4,2.7,1.6
Jassid-Nymph,1988,41,,34.5,18.4,66.0,37.0,0.6,1.9,6.3,16.9
Jassid-Nymph,1988,42,,32.7,16.4,68.0,36.0,5.9,1.5,5.5,16.9
Jassid-Nymph,1988,43,,31.9,14.1,68.0,30.0,0.1,1.9,5.9,16.6
Jassid-Nymph,1988,44,,31.3,13.4,69.0,31.0,0.0,2,4.9,15.6
Jassid-Nymph,1988,45,,30.5,12.1,70.0,32.0,0.1,2.3,5.9,15
Jassid-Nymph,1988,46,,29.0,11.1,69.0,30.0,0.0,2,5.6,13.1
Jassid-Nymph,1988,47,,27.1,9.2,71.0,31.0,1.8,1.8,5.9,12.7
Jassid-Nymph,1988,48,,25.4,7.7,72.0,30.0,0.8,1.8,6,11.9
Jassid-Nymph,1988,49,,24.9,7.5,73.0,30.0,0.6,1.9,5.9,11
Jassid-Nymph,1988,50,,23.0,6.7,76.0,36.0,0.3,2.1,4.9,10
Jassid-Nymph,1988,51,,21.7,5.8,81.0,39.0,0.2,3.4,4.8,9.6
Jassid-Nymph,1988,52,,19.8,5.2,84.0,46.0,0.9,2.3,4.1,10.3
Jassid-Nymph,1989,1,,18.0,5.4,86.0,54.0,2.0,2.8,4.3,9.9
Jassid-Nymph,1989,2,,18.0,5.7,86.0,52.0,2.2,3,4.6,10
Jassid-Nymph,1989,3,,18.1,5.7,83.0,52.0,2.1,2.6,5.1,10.9
Jassid-Nymph,1989,4,,19.8,6.3,82.0,45.0,1.4,2.3,6.1,12.2
Jassid-Nymph,1989,5,,20.8,6.7,80.0,48.0,1.5,2.5,6.8,13.1
Jassid-Nymph,1989,6,,21.4,8.2,83.0,50.0,8.3,2.4,6.1,13.9
Jassid-Nymph,1989,7,,22.4,8.9,80.0,48.0,3.6,2.3,6.9,13.1
Jassid-Nymph,1989,8,,23.2,9.5,80.0,47.0,5.5,2.5,7.4,14.1
Jassid-Nymph,1989,9,,24.9,10.1,77.0,46.0,1.9,1.4,7.5,16
Jassid-Nymph,1989,10,,26.7,11.0,71.0,43.0,7.0,1.3,7.7,16
Jassid-Nymph,1989,11,,28.1,12.6,72.0,45.0,2.8,1.8,6.2,16.5
Jassid-Nymph,1989,12,,29.8,14.3,66.0,43.0,2.3,1.1,7.6,19.2
Jassid-Nymph,1989,13,,31.2,14.9,63.0,39.0,2.4,1.4,7.5,19.4
Jassid-Nymph,1989,14,,33.3,16.1,59.0,37.0,3.4,1.6,7.3,22.6
Jassid-Nymph,1989,15,,35.8,17.6,52.0,29.0,4.3,1.3,6.8,26
Jassid-Nymph,1989,16,,37.4,19.7,48.0,29.0,0.8,1.5,6.3,26.6
Jassid-Nymph,1989,17,,39.3,21.4,45.0,23.0,0.9,0.9,5.7,28.8
Jassid-Nymph,1989,18,,39.9,23.2,50.0,25.0,1.9,0.9,5.1,29.7
Jassid-Nymph,1989,19,,40.1,23.9,50.0,25.0,2.0,1.4,5.8,30.9
Jassid-Nymph,1989,20,,41.6,25.2,47.0,25.0,4.9,0.8,5.5,29.6
Jassid-Nymph,1989,21,,41.3,25.4,48.0,27.0,8.7,0.7,5.8,29.3
Jassid-Nymph,1989,22,,41.1,25.7,49.0,30.0,5.6,0.8,4.3,34.6
Jassid-Nymph,1989,23,,41.0,26.4,51.0,32.0,10.6,0.6,4.5,36.9
Jassid-Nymph,1989,24,0.6,39.9,26.6,57.0,36.0,12.0,0.7,4.5,33.9
Jassid-Nymph,1989,25,0.6,39.1,27.3,59.0,40.0,24.5,0.6,3.9,34.5
Jassid-Nymph,1989,26,1,38.8,28.3,65.0,45.0,12.6,0.8,3.6,29.6
Jassid-Nymph,1989,27,1.2,37.2,27.7,70.0,50.0,44.6,0.6,4.4,26.9
Jassid-Nymph,1989,28,2,36.5,27.0,72.0,52.0,19.8,1.3,3.8,26.9
Jassid-Nymph,1989,29,2.8,35.9,27.2,74.0,56.0,36.3,0.7,4.2,25.4
Jassid-Nymph,1989,30,3.2,35.8,27.0,76.0,56.0,19.1,0.8,4.4,24.5
Jassid-Nymph,1989,31,2.6,35.5,26.8,76.0,58.0,17.0,0.7,4.3,27.6
Jassid-Nymph,1989,32,4.8,35.4,27.0,75.0,58.0,17.9,0,4.8,24.7
Jassid-Nymph,1989,33,3.2,35.2,26.6,74.0,58.0,13.3,1.4,4.8,23.9
Jassid-Nymph,1989,34,2.8,34.9,26.4,76.0,60.0,16.9,1.6,5.7,23.7
Jassid-Nymph,1989,35,2.6,34.7,25.8,77.0,58.0,12.6,1.3,5.7,24.4
Jassid-Nymph,1989,36,5.3,34.0,25.2,79.0,61.0,21.4,1.5,5.7,22
Jassid-Nymph,1989,37,4.5,33.6,24.5,78.0,61.0,24.9,0.9,4.8,19.7
Jassid-Nymph,1989,38,4.2,34.4,23.8,74.0,54.0,5.5,0.9,6.3,19.9
Jassid-Nymph,1989,39,2.1,34.4,22.3,72.0,48.0,4.9,1.4,7,20.7
Jassid-Nymph,1989,40,1.6,34.2,20.4,72.0,44.0,4.5,0.8,6.6,17.4
Jassid-Nymph,1989,41,2.1,34.5,18.4,66.0,37.0,0.6,0.7,6.3,16.9
Jassid-Nymph,1989,42,2.1,32.7,16.4,68.0,36.0,5.9,0.8,5.5,16.9
Jassid-Nymph,1989,43,2.9,31.9,14.1,68.0,30.0,0.1,0.6,5.9,16.6
Jassid-Nymph,1989,44,1.6,31.3,13.4,69.0,31.0,0.0,0.7,4.9,15.6
Jassid-Nymph,1989,45,,30.5,12.1,70.0,32.0,0.1,2.8,5.9,15
Jassid-Nymph,1989,46,,29.0,11.1,69.0,30.0,0.0,3,5.6,13.1
Jassid-Nymph,1989,47,,27.1,9.2,71.0,31.0,1.8,2.6,5.9,12.7
Jassid-Nymph,1989,48,,25.4,7.7,72.0,30.0,0.8,2.3,6,11.9
Jassid-Nymph,1989,49,,24.9,7.5,73.0,30.0,0.6,2.5,5.9,11
Jassid-Nymph,1989,50,,23.0,6.7,76.0,36.0,0.3,2.4,4.9,10
Jassid-Nymph,1989,51,,21.7,5.8,81.0,39.0,0.2,2.3,4.8,9.6
Jassid-Nymph,1989,52,,19.8,5.2,84.0,46.0,0.9,2.5,4.1,10.3
Jassid-Nymph,1990,1,,30.5,12.1,70.0,32.0,0.1,0.6,5.9,15
Jassid-Nymph,1990,2,,29.0,11.1,69.0,30.0,0.0,0.8,5.6,13.1
Jassid-Nymph,1990,3,,27.1,9.2,71.0,31.0,1.8,0.6,5.9,12.7
Jassid-Nymph,1990,4,,25.4,7.7,72.0,30.0,0.8,1.3,6,11.9
Jassid-Nymph,1990,5,,24.9,7.5,73.0,30.0,0.6,0.7,5.9,11
Jassid-Nymph,1990,6,,23.0,6.7,76.0,36.0,0.3,0.8,4.9,10
Jassid-Nymph,1990,7,,21.7,5.8,81.0,39.0,0.2,0.7,4.8,9.6
Jassid-Nymph,1990,8,,19.8,5.2,84.0,46.0,0.9,0.7,4.1,10.3
Jassid-Nymph,1990,9,,19.2,8.4,85.6,59.9,12.2,0.8,8.5,1.7
Jassid-Nymph,1990,10,,26.3,10.1,73.4,47.6,0.0,1.7,11.1,2.3
Jassid-Nymph,1990,11,,28.1,14.3,77.4,62.7,0.0,2.1,8.7,2.6
Jassid-Nymph,1990,12,,28.0,13.9,71.0,66.7,3.0,1.5,10,2.3
Jassid-Nymph,1990,13,,24.6,12.4,84.7,61.6,8.9,1.4,5.6,1.9
Jassid-Nymph,1990,14,,26.7,14.0,72.7,65.4,5.0,1.1,10,2.3
Jassid-Nymph,1990,15,,32.5,16.8,75.6,46.1,1.0,1.4,9,2.9
Jassid-Nymph,1990,16,,37.3,20.9,75.7,51.3,0.0,1.9,10.2,3.4
Jassid-Nymph,1990,17,,41.1,21.5,72.6,19.4,0.0,1.5,9.4,3.5
Jassid-Nymph,1990,18,,40.4,22.2,72.1,25.4,0.0,1.9,6.7,3.3
Jassid-Nymph,1990,19,,39.7,25.1,69.3,30.1,4.3,2,8.8,2
Jassid-Nymph,1990,20,,42.9,27.3,58.6,31.4,32.7,2.3,6.6,3.8
Jassid-Nymph,1990,21,,43.0,26.2,46.4,27.0,0.0,2,6.3,2.5
Jassid-Nymph,1990,22,,41.7,26.7,59.3,36.0,1.2,1.8,5.6,5
Jassid-Nymph,1990,23,,42.6,27.4,51.6,32.3,0.0,1.8,6,6.6
Jassid-Nymph,1990,24,0.5,40.9,25.5,64.6,41.4,6.2,1.9,6.4,4.1
Jassid-Nymph,1990,25,0.8,42.8,30.7,56.4,38.0,0.0,2.1,4,6.3
Jassid-Nymph,1990,26,1,38.7,29.8,68.6,44.3,19.0,3.4,3,5.6
Jassid-Nymph,1990,27,1.3,29.6,25.6,79.6,73.9,268.5,2.3,2.2,3.5
Jassid-Nymph,1990,28,2.2,35.7,26.7,74.0,58.1,0.0,2.8,1.8,5.9
Jassid-Nymph,1990,29,3.6,35.0,26.9,72.7,59.1,62.3,3,3.3,5.7
Jassid-Nymph,1990,30,0,37.3,27.8,71.1,53.4,0.0,2.6,1.2,6.2
Jassid-Nymph,1990,31,4.4,36.0,27.2,79.3,58.3,12.2,2.3,0,6
Jassid-Nymph,1990,32,2.2,34.2,26.4,82.7,61.9,20.2,2.5,4.3,5.2
Jassid-Nymph,1990,33,2,34.3,26.3,79.1,55.6,0.0,2.4,4.6,5.7
Jassid-Nymph,1990,34,2.5,34.0,26.7,79.0,72.0,48.0,2.3,5.1,6.3
Jassid-Nymph,1990,35,2.3,33.9,25.9,70.0,65.4,11.2,2.5,6.1,5.1
Jassid-Nymph,1990,36,3.2,31.7,25.2,77.4,71.1,123.2,1.4,6.8,4.7
Jassid-Nymph,1990,37,3.8,33.4,25.1,79.0,69.7,12.4,1.3,6.1,3.9
Jassid-Nymph,1990,38,2.9,33.3,24.3,71.9,56.3,0.0,1.8,6.9,3.9
Jassid-Nymph,1990,39,2.8,32.8,23.1,79.9,63.3,0.0,1.1,7.4,3.5
Jassid-Nymph,1990,40,,32.0,20.4,83.0,59.3,0.0,1.4,4.3,2.9
Jassid-Nymph,1990,41,,32.4,18.9,77.1,43.0,0.0,1.3,4.6,2.3
Jassid-Nymph,1990,42,,32.0,16.1,76.9,26.0,0.0,1.8,5.1,3.1
Jassid-Nymph,1990,43,,31.1,11.0,74.7,28.9,0.0,1.1,6.1,3.3
Jassid-Nymph,1990,44,,30.4,12.0,81.9,30.6,0.0,1.4,6.8,2.9
Jassid-Nymph,1990,45,,30.9,11.8,80.9,37.7,0.0,1.6,6.1,2.4
Jassid-Nymph,1990,46,,30.7,10.7,74.6,26.0,0.0,1.3,6.9,2.6
Jassid-Nymph,1990,47,,24.9,10.8,76.7,46.6,15.8,1.5,7.4,1.9
Jassid-Nymph,1990,48,,22.6,6.4,80.7,37.4,0.0,0.9,7.5,2.4
Jassid-Nymph,1990,49,,25.9,5.6,80.0,28.9,0.0,0.9,7.7,1.9
Jassid-Nymph,1990,50,,23.4,8.4,83.6,35.0,0.0,1.4,6.2,1.6
Jassid-Nymph,1990,51,,22.1,4.1,87.0,45.3,0.0,0.8,7.6,1.8
Jassid-Nymph,1990,52,,19.9,6.6,87.3,63.3,0.0,0.7,7.5,1.5
PinkBollworm,2001,1,,35.0,22.2,67.7,46.6,0.0,0.7,6.9,2.9
PinkBollworm,2001,2,,36.5,22.1,66.4,38.0,0.0,0.8,6.1,2
PinkBollworm,2001,3,,35.6,20.9,57.7,34.3,0.0,0.6,5.7,2
PinkBollworm,2001,4,,33.2,20.5,67.9,42.6,0.0,0.7,3.4,1.9
PinkBollworm,2001,5,,28.9,17.6,74.6,47.4,0.0,0.6,2.7,1.9
PinkBollworm,2001,6,,29.5,16.6,75.4,45.4,0.0,0.8,1.4,1.7
PinkBollworm,2001,7,,31.2,14.8,71.9,37.7,0.0,0.6,5.1,3.1
PinkBollworm,2001,8,,28.7,14.4,77.1,43.0,0.0,1.3,4.1,2.5
PinkBollworm,2001,9,,24.6,12.6,79.3,48.9,5.4,0.7,4.9,2.9
PinkBollworm,2001,10,,24.5,7.4,64.0,28.0,0.0,0.8,5.6,2.6
PinkBollworm,2001,11,,21.2,8.1,79.0,46.7,0.0,0.7,5.5,2
PinkBollworm,2001,12,,20.1,6.7,74.7,40.3,0.0,0,4.8,2.1
PinkBollworm,2001,13,,23.3,8.1,76.3,28.4,0.0,0.7,5.2,2
PinkBollworm,2001,14,,20.8,6.9,83.0,47.4,0.0,0.8,5.2,2
PinkBollworm,2001,15,,38.1,20.1,52.6,26.4,0.0,1.7,4,3.5
PinkBollworm,2001,16,,30.5,16.3,74.7,49.3,14.4,2.1,6.2,3.1
PinkBollworm,2001,17,,41.3,21.1,36.3,19.4,0.0,1.5,7.5,3.4
PinkBollworm,2001,18,,42.5,23.0,47.1,19.1,0.0,1.4,6.7,3.2
PinkBollworm,2001,19,,44.4,26.8,52.6,23.1,0.0,1.1,3,4.1
PinkBollworm,2001,20,,39.4,24.8,57.1,37.3,0.0,1.4,3,3.4
PinkBollworm,2001,21,,38.0,24.7,52.7,39.9,111.4,1.9,7.4,3.5
PinkBollworm,2001,22,,38.8,26.3,59.3,38.3,38.0,1.5,3.4,3.5
PinkBollworm,2001,23,,35.9,24.8,61.9,41.7,13.4,1.9,3.9,3.2
PinkBollworm,2001,24,,37.1,26.7,71.9,57.7,70.0,2,6.1,3.3
PinkBollworm,2001,25,,35.6,27.5,70.0,53.6,0.0,2.3,6.3,2.7
PinkBollworm,2001,26,,37.4,26.2,77.1,50.7,1.6,2,4.6,2.8
PinkBollworm,2001,27,,36.1,28.6,80.1,54.6,29.2,1.8,5.2,3.4
PinkBollworm,2001,28,,35.7,28.1,81.7,61.9,0.0,1.8,5.9,3.4
PinkBollworm,2001,29,,35.2,27.2,76.4,60.3,62.4,1.9,4.7,3.7
PinkBollworm,2001,30,,35.6,27.1,80.0,59.0,33.6,2.1,5.7,3.7
PinkBollworm,2001,31,9,35.8,27.2,75.9,54.6,0.0,3.4,5.3,3.1
PinkBollworm,2001,32,20,34.5,26.2,81.6,65.6,2.2,2.3,4.3,3.5
PinkBollworm,2001,33,14,35.1,26.6,79.1,64.3,0.0,2.8,5.7,3.5
PinkBollworm,2001,34,21,35.8,26.0,68.4,55.7,0.0,3,7.5,3.7
PinkBollworm,2001,35,22,36.1,25.8,62.9,49.1,0.0,2.6,5.2,3
PinkBollworm,2001,36,22,36.2,25.9,64.6,49.9,0.0,2.3,4.6,3.4
PinkBollworm,2001,37,83,35.0,24.2,62.3,49.9,0.0,2.5,3,3.4
PinkBollworm,2001,38,167,36.6,22.3,60.6,38.1,0.0,2.4,6.3,3.5
PinkBollworm,2001,39,47,37.5,21.1,60.0,35.4,0.0,2.3,5.7,3.4
PinkBollworm,2001,40,0,33.9,23.0,71.3,49.3,8.0,2.5,6.3,3.2
PinkBollworm,2001,41,2,35.9,20.0,61.6,33.7,0.0,1.4,7.6,3
PinkBollworm,2001,42,0,34.0,15.4,54.1,27.4,0.0,1.3,6.9,2
PinkBollworm,2001,43,,28.2,10.5,72.1,36.3,0.0,2.5,6.5,2.3
PinkBollworm,2001,44,,24.7,8.8,63.0,29.4,0.0,1.4,6.4,2.3
PinkBollworm,2001,45,,24.9,7.0,56.1,19.3,0.0,1.3,6.2,2.1
PinkBollworm,2001,46,,26.4,7.5,62.1,28.7,0.0,1.8,5.8,2.1
PinkBollworm,2001,47,,23.9,6.8,89.0,54.1,0.0,1.1,4.7,2.2
PinkBollworm,2001,48,,19.5,5.2,91.4,44.7,0.0,1.4,4.7,2
PinkBollworm,2001,49,,16.7,4.8,85.4,51.4,0.0,1.6,4.1,1.7
PinkBollworm,2001,50,,24.1,9.2,77.1,25.7,0.0,1.3,5.2,2
PinkBollworm,2001,51,,21.3,6.1,70.4,21.0,0.0,1.5,7.4,1.9
PinkBollworm,2001,52,,19.7,5.8,93.8,32.9,0.0,0.9,4.2,1.7
PinkBollworm,2002,1,1,18.4,4.2,92.0,47.9,0.0,0.8,4.9,1.4
PinkBollworm,2002,2,0,21.7,6.9,86.6,35.7,0.0,0.7,7.2,1.6
PinkBollworm,2002,3,1,19.0,6.7,77.1,44.3,0.0,0.8,4,1.9
PinkBollworm,2002,4,0,19.8,4.5,77.7,25.9,0.0,0.6,7,1.9
PinkBollworm,2002,5,0,21.5,3.7,63.4,28.6,0.0,0.7,8,2.2
PinkBollworm,2002,6,0,20.1,4.7,84.1,74.9,0.0,0.6,7.2,3.7
PinkBollworm,2002,7,0,21.4,7.5,81.7,48.9,4.8,0.8,6.5,2.1
PinkBollworm,2002,8,0,26.1,12.5,74.3,35.9,10.4,0.6,6.9,3.3
PinkBollworm,2002,9,5,23.1,10.7,84.3,49.0,1.5,1.3,5.8,3.8
PinkBollworm,2002,10,0,27.2,11.4,67.7,37.6,67.0,0.7,8.4,3.7
PinkBollworm,2002,11,,29.7,12.3,55.3,31.3,9.6,1.4,6.8,3.7
PinkBollworm,2002,12,,33.1,17.3,60.7,44.3,0.0,1.9,7.9,3.2
PinkBollworm,2002,13,,34.2,16.9,53.6,24.7,0.0,1.5,9.3,3.3
PinkBollworm,2002,14,,36.1,18.4,56.7,22.7,12.4,1.9,4.9,5.8
PinkBollworm,2002,15,,37.7,19.6,43.0,28.6,0.0,2,7.7,5.8
PinkBollworm,2002,16,,40.3,23.6,43.9,26.7,0.0,2.3,6.2,5.8
PinkBollworm,2002,17,,41.0,22.9,43.7,20.7,0.0,2,4.6,5.2
PinkBollworm,2002,18,,40.9,25.0,44.3,20.1,0.0,1.8,2.5,3.4
PinkBollworm,2002,19,,43.9,27.0,40.9,16.7,0.0,1.8,5.4,4.2
PinkBollworm,2002,20,,44.5,28.8,29.7,21.4,0.0,1.9,3,4.1
PinkBollworm,2002,21,,43.9,26.1,43.4,21.1,0.0,2.1,6.2,4.1
PinkBollworm,2002,22,,35.7,23.5,71.1,44.9,0.0,3.4,0.9,3.6
PinkBollworm,2002,23,,40.2,29.0,52.1,34.7,10.4,2.3,2.4,3.6
PinkBollworm,2002,24,,42.8,29.0,46.9,33.9,0.0,2.8,1.9,3.9
PinkBollworm,2002,25,,39.5,27.3,52.9,40.0,67.0,3,6.1,3.6
PinkBollworm,2002,26,,42.5,29.3,44.1,32.4,0.0,2.6,2.2,3.7
PinkBollworm,2002,27,,39.8,28.9,61.9,40.0,5.8,2.3,2,3.8
PinkBollworm,2002,28,,39.9,29.5,56.6,36.4,0.0,2.5,2.7,3.7
PinkBollworm,2002,29,,40.3,30.1,54.6,40.0,0.0,2.4,4.2,3.8
PinkBollworm,2002,30,,37.5,29.3,60.4,43.6,0.0,2.3,1.5,3.4
PinkBollworm,2002,31,,37.1,29.0,64.3,41.7,10.2,2.5,4.2,3.3
PinkBollworm,2002,32,,37.8,29.4,71.4,48.7,0.0,1.4,4,3.2
PinkBollworm,2002,33,,36.6,28.1,71.9,49.0,0.0,1.3,1.9,3.3
PinkBollworm,2002,34,,37.2,27.9,69.4,49.9,0.0,1.8,5.5,3.2
PinkBollworm,2002,35,,35.9,26.9,65.1,48.0,0.0,1.1,6.3,3.2
PinkBollworm,2002,36,,33.0,23.1,77.4,59.0,4.2,1.4,7.7,3.1
PinkBollworm,2002,37,,33.0,23.5,77.4,61.0,0.0,1.6,5.8,2.9
PinkBollworm,2002,38,,34.4,23.5,65.6,52.4,0.0,1.3,6.7,2.4
PinkBollworm,2002,39,,35.9,22.0,60.0,39.9,0.0,1.5,7.8,2.4
PinkBollworm,2002,40,,37.3,19.9,58.9,17.7,0.0,0.9,5.9,2.1
PinkBollworm,2002,41,,36.2,21.0,64.4,33.6,0.0,0.9,3.5,2
PinkBollworm,2002,42,,33.3,19.8,73.9,33.4,0.0,1.4,3.6,2
PinkBollworm,2002,43,,31.2,16.1,93.6,29.1,0.0,0.8,7.2,2
PinkBollworm,2002,44,,32.5,16.5,96.1,27.7,0.0,0.7,5.9,2
PinkBollworm,2002,45,,28.8,14.5,97.0,38.6,0.0,0.8,4.2,2
PinkBollworm,2002,46,,28.3,12.2,97.3,38.6,0.0,0.6,6.9,1.7
PinkBollworm,2002,47,,28.3,10.1,91.7,21.1,0.0,0.7,6.4,1.8
PinkBollworm,2002,48,,26.3,6.5,85.1,21.6,0.0,0.6,5.2,1.7
PinkBollworm,2002,49,,24.9,6.9,64.6,18.1,0.0,0.8,5.3,1.7
PinkBollworm,2002,50,,24.8,6.8,66.1,21.4,0.0,0.6,5.8,1.8
PinkBollworm,2002,51,,26.1,5.2,80.1,28.7,0.0,1.3,5.2,1.8
PinkBollworm,2002,52,,20.1,4.8,82.3,42.9,1.2,0.7,4.2,1.7
PinkBollworm,2006,1,,18.4,5.8,92.3,45.6,0.0,2,3.9,1.5
PinkBollworm,2006,2,,19.7,5.3,83.6,33.4,0.0,2.3,6.9,1.6
PinkBollworm,2006,3,,20.3,10.4,83.1,49.9,0.0,2,4,1.8
PinkBollworm,2006,4,,20.3,5.9,85.3,38.6,0.0,1.8,7.3,1.8
PinkBollworm,2006,5,,24.1,10.1,89.7,38.3,0.0,1.8,6.2,2.1
PinkBollworm,2006,6,,26.3,10.5,83.0,37.0,0.0,1.9,6.1,2
PinkBollworm,2006,7,,27.8,13.2,84.6,37.9,0.0,2.1,5,2.3
PinkBollworm,2006,8,,28.5,14.6,85.3,47.0,0.0,3.4,6.1,2.5
PinkBollworm,2006,9,,28.2,11.5,85.1,40.0,0.0,2.3,6.9,4.5
PinkBollworm,2006,10,,27.5,12.5,78.0,62.3,43.2,2.8,6.2,2.2
PinkBollworm,2006,11,,23.0,13.1,84.6,63.6,18.4,3,4.4,2.1
PinkBollworm,2006,12,,29.4,15.7,66.4,45.6,0.0,2.6,7,2.4
PinkBollworm,2006,13,,30.2,14.9,61.6,40.4,18.2,2.3,6.9,2.3
PinkBollworm,2006,14,,36.4,18.5,50.6,30.6,0.0,2.5,7.9,2.9
PinkBollworm,2006,15,,36.3,15.8,33.1,24.7,0.0,2.4,5.8,2.9
PinkBollworm,2006,16,,36.1,20.0,44.0,28.7,0.0,2.3,2.7,3.1
PinkBollworm,2006,17,,40.5,24.0,33.1,24.0,0.0,2.5,4.9,3.6
PinkBollworm,2006,18,,41.8,24.4,43.9,22.6,0.0,1.4,4.6,3.2
PinkBollworm,2006,19,,41.4,27.6,44.3,32.9,0.0,1.3,1.7,3.6
PinkBollworm,2006,20,,40.9,25.8,55.7,35.3,21.6,1.8,2.9,3.2
PinkBollworm,2006,21,,38.8,24.5,69.3,38.1,12.6,1.1,1.7,2.8
PinkBollworm,2006,22,,40.6,28.8,56.3,41.6,0.0,1.4,1.5,3.3
PinkBollworm,2006,23,,39.9,27.3,51.4,40.7,1.2,1.6,1.9,3.1
PinkBollworm,2006,24,0,39.8,26.3,57.3,39.6,0.0,1.3,0.5,2.8
PinkBollworm,2006,25,0,35.9,25.0,66.6,40.9,26.4,1.5,3.3,2.5
PinkBollworm,2006,26,0,36.9,27.9,74.3,57.6,33.4,0.9,2,2.5
PinkBollworm,2006,27,0,39.1,30.5,66.1,48.7,0.0,0.9,3.1,3.7
PinkBollworm,2006,28,0,34.6,27.9,71.6,62.9,185.0,1.4,0,3
PinkBollworm,2006,29,20,36.5,28.6,80.4,57.7,0.0,0.8,0.6,3.4
PinkBollworm,2006,30,12,34.7,27.0,83.7,67.3,93.8,0.7,2.1,3.2
PinkBollworm,2006,31,11,33.8,27.2,76.7,65.7,5.4,0.8,3.7,3.3
PinkBollworm,2006,32,8,34.4,27.2,76.3,63.7,0.0,0.6,4.8,3.2
PinkBollworm,2006,33,16,36.3,27.7,74.1,61.7,0.0,0.7,4.7,2.9
PinkBollworm,2006,34,22,34.9,27.4,74.9,62.1,0.0,0.6,4.7,3
PinkBollworm,2006,35,33,32.5,25.3,79.3,70.3,68.0,0.8,2.4,2.9
PinkBollworm,2006,36,50,31.1,23.1,81.4,67.9,0.0,0.6,5.2,2.8
PinkBollworm,2006,37,124,34.8,25.8,71.0,59.4,0.0,1.3,5.8,2.5
PinkBollworm,2006,38,100,35.4,25.3,74.9,59.1,14.6,0.7,3.7,2.8
PinkBollworm,2006,39,,35.0,22.2,67.7,46.6,0.0,0.8,6.9,2.9
PinkBollworm,2006,40,,36.5,22.1,66.4,38.0,0.0,0.7,6.1,2
PinkBollworm,2006,41,,35.6,20.9,57.7,34.3,0.0,0,5.7,2
PinkBollworm,2006,42,,33.2,20.5,67.9,42.6,0.0,0.7,3.4,1.9
PinkBollworm,2006,43,,28.9,17.6,74.6,47.4,0.0,0.8,2.7,1.9
PinkBollworm,2006,44,,29.5,16.6,75.4,45.4,0.0,1.7,1.4,1.7
PinkBollworm,2006,45,,31.2,14.8,71.9,37.7,0.0,2.1,5.1,3.1
PinkBollworm,2006,46,,28.7,14.4,77.1,43.0,0.0,1.5,4.1,2.5
PinkBollworm,2006,47,,24.6,12.6,79.3,48.9,5.4,1.4,4.9,2.9
PinkBollworm,2006,48,,24.5,7.4,64.0,28.0,0.0,1.1,5.6,2.6
PinkBollworm,2006,49,,21.2,8.1,79.0,46.7,0.0,1.4,5.5,2
PinkBollworm,2006,50,,20.1,6.7,74.7,40.3,0.0,1.9,4.8,2.1
PinkBollworm,2006,51,,23.3,8.1,76.3,28.4,0.0,1.5,5.2,2
PinkBollworm,2006,52,,20.8,6.9,83.0,47.4,0.0,1.9,5.2,2
Spodoptera,2006,1,,18.4,5.8,92.3,45.6,0.0,2,3.9,1.5
Spodoptera,2006,2,,19.7,5.3,83.6,33.4,0.0,2.3,6.9,1.6
Spodoptera,2006,3,,20.3,10.4,83.1,49.9,0.0,2,4,1.8
Spodoptera,2006,4,,20.3,5.9,85.3,38.6,0.0,1.8,7.3,1.8
Spodoptera,2006,5,,24.1,10.1,89.7,38.3,0.0,1.8,6.2,2.1
Spodoptera,2006,6,,26.3,10.5,83.0,37.0,0.0,1.9,6.1,2
Spodoptera,2006,7,,27.8,13.2,84.6,37.9,0.0,2.1,5,2.3
Spodoptera,2006,8,,28.5,14.6,85.3,47.0,0.0,3.4,6.1,2.5
Spodoptera,2006,9,,28.2,11.5,85.1,40.0,0.0,2.3,6.9,4.5
Spodoptera,2006,10,,27.5,12.5,78.0,62.3,43.2,2.8,6.2,2.2
Spodoptera,2006,11,,23.0,13.1,84.6,63.6,18.4,3,4.4,2.1
Spodoptera,2006,12,,29.4,15.7,66.4,45.6,0.0,2.6,7,2.4
Spodoptera,2006,13,,30.2,14.9,61.6,40.4,18.2,2.3,6.9,2.3
Spodoptera,2006,14,,36.4,18.5,50.6,30.6,0.0,2.5,7.9,2.9
Spodoptera,2006,15,,36.3,15.8,33.1,24.7,0.0,2.4,5.8,2.9
Spodoptera,2006,16,,36.1,20.0,44.0,28.7,0.0,2.3,2.7,3.1
Spodoptera,2006,17,,40.5,24.0,33.1,24.0,0.0,2.5,4.9,3.6
Spodoptera,2006,18,,41.8,24.4,43.9,22.6,0.0,1.4,4.6,3.2
Spodoptera,2006,19,,41.4,27.6,44.3,32.9,0.0,1.3,1.7,3.6
Spodoptera,2006,20,,40.9,25.8,55.7,35.3,21.6,1.8,2.9,3.2
Spodoptera,2006,21,,38.8,24.5,69.3,38.1,12.6,1.1,1.7,2.8
Spodoptera,2006,22,,40.6,28.8,56.3,41.6,0.0,1.4,1.5,3.3
Spodoptera,2006,23,,39.9,27.3,51.4,40.7,1.2,1.6,1.9,3.1
Spodoptera,2006,24,0,39.8,26.3,57.3,39.6,0.0,1.3,0.5,2.8
Spodoptera,2006,25,0,35.9,25.0,66.6,40.9,26.4,1.5,3.3,2.5
Spodoptera,2006,26,0,36.9,27.9,74.3,57.6,33.4,0.9,2,2.5
Spodoptera,2006,27,0,39.1,30.5,66.1,48.7,0.0,0.9,3.1,3.7
Spodoptera,2006,28,22,34.6,27.9,71.6,62.9,185.0,1.4,0,3
Spodoptera,2006,29,32,36.5,28.6,80.4,57.7,0.0,0.8,0.6,3.4
Spodoptera,2006,30,48,34.7,27.0,83.7,67.3,93.8,0.7,2.1,3.2
Spodoptera,2006,31,44,33.8,27.2,76.7,65.7,5.4,0.8,3.7,3.3
Spodoptera,2006,32,24,34.4,27.2,76.3,63.7,0.0,0.6,4.8,3.2
Spodoptera,2006,33,92,36.3,27.7,74.1,61.7,0.0,0.7,4.7,2.9
Spodoptera,2006,34,79,34.9,27.4,74.9,62.1,0.0,0.6,4.7,3
Spodoptera,2006,35,62,32.5,25.3,79.3,70.3,68.0,0.8,2.4,2.9
Spodoptera,2006,36,57,31.1,23.1,81.4,67.9,0.0,0.6,5.2,2.8
Spodoptera,2006,37,11,34.8,25.8,71.0,59.4,0.0,1.3,5.8,2.5
Spodoptera,2006,38,4,35.4,25.3,74.9,59.1,14.6,0.7,3.7,2.8
Spodoptera,2006,39,,35.0,22.2,67.7,46.6,0.0,0.7,6.9,2.9
Spodoptera,2006,40,,36.5,22.1,66.4,38.0,0.0,0.8,6.1,2
Spodoptera,2006,41,,35.6,20.9,57.7,34.3,0.0,0.6,5.7,2
Spodoptera,2006,42,,33.2,20.5,67.9,42.6,0.0,0.7,3.4,1.9
Spodoptera,2006,43,,28.9,17.6,74.6,47.4,0.0,0.6,2.7,1.9
Spodoptera,2006,44,,29.5,16.6,75.4,45.4,0.0,0.8,1.4,1.7
Spodoptera,2006,45,,31.2,14.8,71.9,37.7,0.0,0.6,5.1,3.1
Spodoptera,2006,46,,28.7,14.4,77.1,43.0,0.0,1.3,4.1,2.5
Spodoptera,2006,47,,24.6,12.6,79.3,48.9,5.4,0.7,4.9,2.9
Spodoptera,2006,48,,24.5,7.4,64.0,28.0,0.0,0.8,5.6,2.6
Spodoptera,2006,49,,21.2,8.1,79.0,46.7,0.0,0.7,5.5,2
Spodoptera,2006,50,,20.1,6.7,74.7,40.3,0.0,0,4.8,2.1
Spodoptera,2006,51,,23.3,8.1,76.3,28.4,0.0,0.7,5.2,2
Spodoptera,2006,52,,20.8,6.9,83.0,47.4,0.0,0.8,5.2,2
SpottedBollworm-Adult,2002,1,,18.4,4.2,92.0,47.9,0.0,0.8,4.9,1.4
SpottedBollworm-Adult,2002,2,,21.7,6.9,86.6,35.7,0.0,0.7,7.2,1.6
SpottedBollworm-Adult,2002,3,,19.0,6.7,77.1,44.3,0.0,0,4,1.9
SpottedBollworm-Adult,2002,4,,19.8,4.5,77.7,25.9,0.0,0.7,7,1.9
SpottedBollworm-Adult,2002,5,,21.5,3.7,63.4,28.6,0.0,0.8,8,2.2
SpottedBollworm-Adult,2002,6,,20.1,4.7,84.1,74.9,0.0,1.7,7.2,3.7
SpottedBollworm-Adult,2002,7,,21.4,7.5,81.7,48.9,4.8,2.1,6.5,2.1
SpottedBollworm-Adult,2002,8,,26.1,12.5,74.3,35.9,10.4,1.5,6.9,3.3
SpottedBollworm-Adult,2002,9,,23.1,10.7,84.3,49.0,1.5,1.4,5.8,3.8
SpottedBollworm-Adult,2002,10,,27.2,11.4,67.7,37.6,67.0,1.1,8.4,3.7
SpottedBollworm-Adult,2002,11,,29.7,12.3,55.3,31.3,9.6,1.4,6.8,3.7
SpottedBollworm-Adult,2002,12,,33.1,17.3,60.7,44.3,0.0,1.9,7.9,3.2
SpottedBollworm-Adult,2002,13,,34.2,16.9,53.6,24.7,0.0,1.5,9.3,3.3
SpottedBollworm-Adult,2002,14,,36.1,18.4,56.7,22.7,12.4,1.9,4.9,5.8
SpottedBollworm-Adult,2002,15,,37.7,19.6,43.0,28.6,0.0,2,7.7,5.8
SpottedBollworm-Adult,2002,16,,40.3,23.6,43.9,26.7,0.0,2.3,6.2,5.8
SpottedBollworm-Adult,2002,17,,41.0,22.9,43.7,20.7,0.0,2,4.6,5.2
SpottedBollworm-Adult,2002,18,,40.9,25.0,44.3,20.1,0.0,1.8,2.5,3.4
SpottedBollworm-Adult,2002,19,,43.9,27.0,40.9,16.7,0.0,1.8,5.4,4.2
SpottedBollworm-Adult,2002,20,,44.5,28.8,29.7,21.4,0.0,1.9,3,4.1
SpottedBollworm-Adult,2002,21,,43.9,26.1,43.4,21.1,0.0,2.1,6.2,4.1
SpottedBollworm-Adult,2002,22,,35.7,23.5,71.1,44.9,0.0,3.4,0.9,3.6
SpottedBollworm-Adult,2002,23,,40.2,29.0,52.1,34.7,10.4,2.3,2.4,3.6
SpottedBollworm-Adult,2002,24,7,42.8,29.0,46.9,33.9,0.0,2.8,1.9,3.9
SpottedBollworm-Adult,2002,25,3,39.5,27.3,52.9,40.0,67.0,3,6.1,3.6
SpottedBollworm-Adult,2002,26,3,42.5,29.3,44.1,32.4,0.0,2.6,2.2,3.7
SpottedBollworm-Adult,2002,27,11,39.8,28.9,61.9,40.0,5.8,2.3,2,3.8
SpottedBollworm-Adult,2002,28,13,39.9,29.5,56.6,36.4,0.0,2.5,2.7,3.7
SpottedBollworm-Adult,2002,29,20,40.3,30.1,54.6,40.0,0.0,2.4,4.2,3.8
SpottedBollworm-Adult,2002,30,22,37.5,29.3,60.4,43.6,0.0,2.3,1.5,3.4
SpottedBollworm-Adult,2002,31,30,37.1,29.0,64.3,41.7,10.2,2.5,4.2,3.3
SpottedBollworm-Adult,2002,32,38,37.8,29.4,71.4,48.7,0.0,1.4,4,3.2
SpottedBollworm-Adult,2002,33,62,36.6,28.1,71.9,49.0,0.0,1.3,1.9,3.3
SpottedBollworm-Adult,2002,34,38,37.2,27.9,69.4,49.9,0.0,1.8,5.5,3.2
SpottedBollworm-Adult,2002,35,27,35.9,26.9,65.1,48.0,0.0,1.1,6.3,3.2
SpottedBollworm-Adult,2002,36,32,33.0,23.1,77.4,59.0,4.2,1.4,7.7,3.1
SpottedBollworm-Adult,2002,37,47,33.0,23.5,77.4,61.0,0.0,1.6,5.8,2.9
SpottedBollworm-Adult,2002,38,32,34.4,23.5,65.6,52.4,0.0,1.3,6.7,2.4
SpottedBollworm-Adult,2002,39,22,35.9,22.0,60.0,39.9,0.0,1.5,7.8,2.4
SpottedBollworm-Adult,2002,40,13,37.3,19.9,58.9,17.7,0.0,0.9,5.9,2.1
SpottedBollworm-Adult,2002,41,13,36.2,21.0,64.4,33.6,0.0,0.9,3.5,2
SpottedBollworm-Adult,2002,42,18,33.3,19.8,73.9,33.4,0.0,1.4,3.6,2
SpottedBollworm-Adult,2002,43,21,31.2,16.1,93.6,29.1,0.0,0.8,7.2,2
SpottedBollworm-Adult,2002,44,,29.0,10.7,60.6,28.0,0.0,0.9,3.4,1.8
SpottedBollworm-Adult,2002,45,,29.4,10.0,49.7,22.0,0.0,0.9,4,1.7
SpottedBollworm-Adult,2002,46,,28.9,8.5,53.0,21.1,0.0,1.4,2.1,1.8
SpottedBollworm-Adult,2002,47,,23.1,7.5,58.4,29.3,0.0,0.8,4.1,1.7
SpottedBollworm-Adult,2002,48,,24.1,4.5,59.7,17.7,0.0,0.7,5.2,1.7
SpottedBollworm-Adult,2002,49,,23.0,3.5,51.0,17.0,0.0,0.8,3.3,1.8
SpottedBollworm-Adult,2002,50,,19.5,4.2,83.7,46.9,0.0,0.6,3.7,1.7
SpottedBollworm-Adult,2002,51,,19.4,6.5,90.0,40.6,0.0,0.7,2.7,1.6
SpottedBollworm-Adult,2002,52,,20.1,4.8,82.3,42.9,1.2,0.6,4.2,1.7
SpottedBollworm-Adult,2006,1,,18.4,5.8,92.3,45.6,0.0,1.7,3.9,1.5
SpottedBollworm-Adult,2006,2,,19.7,5.3,83.6,33.4,0.0,2.1,6.9,1.6
SpottedBollworm-Adult,2006,3,,20.3,10.4,83.1,49.9,0.0,1.5,4,1.8
SpottedBollworm-Adult,2006,4,,20.3,5.9,85.3,38.6,0.0,1.4,7.3,1.8
SpottedBollworm-Adult,2006,5,,24.1,10.1,89.7,38.3,0.0,1.1,6.2,2.1
SpottedBollworm-Adult,2006,6,,26.3,10.5,83.0,37.0,0.0,1.4,6.1,2
SpottedBollworm-Adult,2006,7,,27.8,13.2,84.6,37.9,0.0,1.9,5,2.3
SpottedBollworm-Adult,2006,8,,28.5,14.6,85.3,47.0,0.0,1.5,6.1,2.5
SpottedBollworm-Adult,2006,9,,28.2,11.5,85.1,40.0,0.0,1.9,6.9,4.5
SpottedBollworm-Adult,2006,10,,27.5,12.5,78.0,62.3,43.2,2,6.2,2.2
SpottedBollworm-Adult,2006,11,,23.0,13.1,84.6,63.6,18.4,2.3,4.4,2.1
SpottedBollworm-Adult,2006,12,,29.4,15.7,66.4,45.6,0.0,2,7,2.4
SpottedBollworm-Adult,2006,13,,30.2,14.9,61.6,40.4,18.2,1.8,6.9,2.3
SpottedBollworm-Adult,2006,14,,36.4,18.5,50.6,30.6,0.0,1.8,7.9,2.9
SpottedBollworm-Adult,2006,15,,36.3,15.8,33.1,24.7,0.0,1.9,5.8,2.9
SpottedBollworm-Adult,2006,16,,36.1,20.0,44.0,28.7,0.0,2.1,2.7,3.1
SpottedBollworm-Adult,2006,17,,40.5,24.0,33.1,24.0,0.0,3.4,4.9,3.6
SpottedBollworm-Adult,2006,18,,41.8,24.4,43.9,22.6,0.0,2.3,4.6,3.2
SpottedBollworm-Adult,2006,19,,41.4,27.6,44.3,32.9,0.0,2.8,1.7,3.6
SpottedBollworm-Adult,2006,20,,40.9,25.8,55.7,35.3,21.6,3,2.9,3.2
SpottedBollworm-Adult,2006,21,,38.8,24.5,69.3,38.1,12.6,2.6,1.7,2.8
SpottedBollworm-Adult,2006,22,,40.6,28.8,56.3,41.6,0.0,2.3,1.5,3.3
SpottedBollworm-Adult,2006,23,,39.9,27.3,51.4,40.7,1.2,2.5,1.9,3.1
SpottedBollworm-Adult,2006,24,1,39.8,26.3,57.3,39.6,0.0,2.4,0.5,2.8
SpottedBollworm-Adult,2006,25,2,35.9,25.0,66.6,40.9,26.4,2.3,3.3,2.5
SpottedBollworm-Adult,2006,26,2,36.9,27.9,74.3,57.6,33.4,2.5,2,2.5
SpottedBollworm-Adult,2006,27,3,39.1,30.5,66.1,48.7,0.0,1.4,3.1,3.7
SpottedBollworm-Adult,2006,28,4,34.6,27.9,71.6,62.9,185.0,1.3,0,3
SpottedBollworm-Adult,2006,29,7,36.5,28.6,80.4,57.7,0.0,1.8,0.6,3.4
SpottedBollworm-Adult,2006,30,7,34.7,27.0,83.7,67.3,93.8,1.1,2.1,3.2
SpottedBollworm-Adult,2006,31,9,33.8,27.2,76.7,65.7,5.4,1.4,3.7,3.3
SpottedBollworm-Adult,2006,32,3,34.4,27.2,76.3,63.7,0.0,1.6,4.8,3.2
SpottedBollworm-Adult,2006,33,3,36.3,27.7,74.1,61.7,0.0,1.3,4.7,2.9
SpottedBollworm-Adult,2006,34,2,34.9,27.4,74.9,62.1,0.0,1.5,4.7,3
SpottedBollworm-Adult,2006,35,2,32.5,25.3,79.3,70.3,68.0,0.9,2.4,2.9
SpottedBollworm-Adult,2006,36,1,31.1,23.1,81.4,67.9,0.0,0.9,5.2,2.8
SpottedBollworm-Adult,2006,37,17,34.8,25.8,71.0,59.4,0.0,1.4,5.8,2.5
SpottedBollworm-Adult,2006,38,7,35.4,25.3,74.9,59.1,14.6,0.8,3.7,2.8
SpottedBollworm-Adult,2006,39,,35.0,22.2,67.7,46.6,0.0,0.8,6.9,2.9
SpottedBollworm-Adult,2006,40,,36.5,22.1,66.4,38.0,0.0,0.7,6.1,2
SpottedBollworm-Adult,2006,41,,35.6,20.9,57.7,34.3,0.0,0,5.7,2
SpottedBollworm-Adult,2006,42,,33.2,20.5,67.9,42.6,0.0,0.7,3.4,1.9
SpottedBollworm-Adult,2006,43,,28.9,17.6,74.6,47.4,0.0,0.8,2.7,1.9
SpottedBollworm-Adult,2006,44,,29.5,16.6,75.4,45.4,0.0,1.7,1.4,1.7
SpottedBollworm-Adult,2006,45,,31.2,14.8,71.9,37.7,0.0,2.1,5.1,3.1
SpottedBollworm-Adult,2006,46,,28.7,14.4,77.1,43.0,0.0,1.5,4.1,2.5
SpottedBollworm-Adult,2006,47,,24.6,12.6,79.3,48.9,5.4,1.4,4.9,2.9
SpottedBollworm-Adult,2006,48,,24.5,7.4,64.0,28.0,0.0,1.1,5.6,2.6
SpottedBollworm-Adult,2006,49,,21.2,8.1,79.0,46.7,0.0,1.4,5.5,2
SpottedBollworm-Adult,2006,50,,20.1,6.7,74.7,40.3,0.0,1.9,4.8,2.1
SpottedBollworm-Adult,2006,51,,23.3,8.1,76.3,28.4,0.0,1.5,5.2,2
SpottedBollworm-Adult,2006,52,,20.8,6.9,83.0,47.4,0.0,1.9,5.2,2
SpottedBollworm-Larva,2002,1,,35.0,22.2,67.7,46.6,0.0,0.8,6.9,2.9
SpottedBollworm-Larva,2002,2,,36.5,22.1,66.4,38.0,0.0,0.7,6.1,2
SpottedBollworm-Larva,2002,3,,35.6,20.9,57.7,34.3,0.0,0,5.7,2
SpottedBollworm-Larva,2002,4,,33.2,20.5,67.9,42.6,0.0,0.7,3.4,1.9
SpottedBollworm-Larva,2002,5,,28.9,17.6,74.6,47.4,0.0,0.8,2.7,1.9
SpottedBollworm-Larva,2002,6,,29.5,16.6,75.4,45.4,0.0,1.7,1.4,1.7
SpottedBollworm-Larva,2002,7,,31.2,14.8,71.9,37.7,0.0,2.1,5.1,3.1
SpottedBollworm-Larva,2002,8,,28.7,14.4,77.1,43.0,0.0,1.5,4.1,2.5
SpottedBollworm-Larva,2002,9,,24.6,12.6,79.3,48.9,5.4,1.4,4.9,2.9
SpottedBollworm-Larva,2002,10,,24.5,7.4,64.0,28.0,0.0,1.1,5.6,2.6
SpottedBollworm-Larva,2002,11,,21.2,8.1,79.0,46.7,0.0,1.4,5.5,2
SpottedBollworm-Larva,2002,12,,20.1,6.7,74.7,40.3,0.0,1.9,4.8,2.1
SpottedBollworm-Larva,2002,13,,23.3,8.1,76.3,28.4,0.0,1.5,5.2,2
SpottedBollworm-Larva,2002,14,,20.8,6.9,83.0,47.4,0.0,1.9,5.2,2
SpottedBollworm-Larva,2002,15,,37.7,19.6,43.0,28.6,0.0,2,7.7,5.8
SpottedBollworm-Larva,2002,16,,40.3,23.6,43.9,26.7,0.0,2.3,6.2,5.8
SpottedBollworm-Larva,2002,17,,41.0,22.9,43.7,20.7,0.0,2,4.6,5.2
SpottedBollworm-Larva,2002,18,,40.9,25.0,44.3,20.1,0.0,1.8,2.5,3.4
SpottedBollworm-Larva,2002,19,,43.9,27.0,40.9,16.7,0.0,1.8,5.4,4.2
SpottedBollworm-Larva,2002,20,,44.5,28.8,29.7,21.4,0.0,1.9,3,4.1
SpottedBollworm-Larva,2002,21,,43.9,26.1,43.4,21.1,0.0,2.1,6.2,4.1
SpottedBollworm-Larva,2002,22,,35.7,23.5,71.1,44.9,0.0,3.4,0.9,3.6
SpottedBollworm-Larva,2002,23,,40.2,29.0,52.1,34.7,10.4,2.3,2.4,3.6
SpottedBollworm-Larva,2002,24,,42.8,29.0,46.9,33.9,0.0,2.8,1.9,3.9
SpottedBollworm-Larva,2002,25,,39.5,27.3,52.9,40.0,67.0,3,6.1,3.6
SpottedBollworm-Larva,2002,26,,42.5,29.3,44.1,32.4,0.0,2.6,2.2,3.7
SpottedBollworm-Larva,2002,27,0,39.8,28.9,61.9,40.0,5.8,2.3,2,3.8
SpottedBollworm-Larva,2002,28,0,39.9,29.5,56.6,36.4,0.0,2.5,2.7,3.7
SpottedBollworm-Larva,2002,29,0,40.3,30.1,54.6,40.0,0.0,2.4,4.2,3.8
SpottedBollworm-Larva,2002,30,0,37.5,29.3,60.4,43.6,0.0,2.3,1.5,3.4
SpottedBollworm-Larva,2002,31,0,37.1,29.0,64.3,41.7,10.2,2.5,4.2,3.3
SpottedBollworm-Larva,2002,32,0.04,37.8,29.4,71.4,48.7,0.0,1.4,4,3.2
SpottedBollworm-Larva,2002,33,0.04,36.6,28.1,71.9,49.0,0.0,1.3,1.9,3.3
SpottedBollworm-Larva,2002,34,0,37.2,27.9,69.4,49.9,0.0,1.8,5.5,3.2
SpottedBollworm-Larva,2002,35,0,35.9,26.9,65.1,48.0,0.0,1.1,6.3,3.2
SpottedBollworm-Larva,2002,36,0,33.0,23.1,77.4,59.0,4.2,1.4,7.7,3.1
SpottedBollworm-Larva,2002,37,0.04,33.0,23.5,77.4,61.0,0.0,1.6,5.8,2.9
SpottedBollworm-Larva,2002,38,0.04,34.4,23.5,65.6,52.4,0.0,1.3,6.7,2.4
SpottedBollworm-Larva,2002,39,0.08,35.9,22.0,60.0,39.9,0.0,1.5,7.8,2.4
SpottedBollworm-Larva,2002,40,0.08,37.3,19.9,58.9,17.7,0.0,0.9,5.9,2.1
SpottedBollworm-Larva,2002,41,0.06,36.2,21.0,64.4,33.6,0.0,0.9,3.5,2
SpottedBollworm-Larva,2002,42,0.08,33.3,19.8,73.9,33.4,0.0,1.4,3.6,2
SpottedBollworm-Larva,2002,43,0.04,31.2,16.1,93.6,29.1,0.0,0.8,7.2,2
SpottedBollworm-Larva,2002,44,,32.5,16.5,96.1,27.7,0.0,0.7,5.9,2
SpottedBollworm-Larva,2002,45,,28.8,14.5,97.0,38.6,0.0,0.8,4.2,2
SpottedBollworm-Larva,2002,46,,28.3,12.2,97.3,38.6,0.0,0.6,6.9,1.7
SpottedBollworm-Larva,2002,47,,28.3,10.1,91.7,21.1,0.0,0.7,6.4,1.8
SpottedBollworm-Larva,2002,48,,26.3,6.5,85.1,21.6,0.0,0.6,5.2,1.7
SpottedBollworm-Larva,2002,49,,24.9,6.9,64.6,18.1,0.0,0.8,5.3,1.7
SpottedBollworm-Larva,2002,50,,24.8,6.8,66.1,21.4,0.0,0.6,5.8,1.8
SpottedBollworm-Larva,2002,51,,26.1,5.2,80.1,28.7,0.0,1.3,5.2,1.8
SpottedBollworm-Larva,2002,52,,20.1,4.8,82.3,42.9,1.2,0.7,4.2,1.7
Whitefly,2001,1,,15.8,4.0,93.7,83.0,7.2,0.9,1.6,1.4
Whitefly,2001,2,,16.9,2.1,87.9,63.1,0.0,1.4,5.8,1.5
Whitefly,2001,3,,17.0,2.0,86.9,58.4,0.0,0.8,7.4,1.6
Whitefly,2001,4,,20.3,1.6,75.7,46.1,0.0,0.7,8.2,2.1
Whitefly,2001,5,,22.0,3.3,69.4,36.4,0.0,0.8,9.6,2.1
Whitefly,2001,6,,23.0,5.1,74.4,34.0,0.0,0.6,10,2
Whitefly,2001,7,,24.2,10.0,66.7,32.0,0.0,0.7,7.9,2.2
Whitefly,2001,8,,25.7,11.8,82.4,39.7,0.0,0.6,5.5,2.3
Whitefly,2001,9,,24.4,8.5,65.0,31.9,0.0,0.8,10.3,2.3
Whitefly,2001,10,,28.2,8.6,60.1,26.4,0.0,0.6,9.5,2.6
Whitefly,2001,11,,29.6,11.3,65.3,52.1,0.0,1.3,6.5,2.6
Whitefly,2001,12,,30.8,12.4,58.0,36.9,0.0,0.7,6.8,3
Whitefly,2001,13,,31.5,14.2,61.6,41.4,0.0,0.8,5.9,2.5
Whitefly,2001,14,,33.9,14.6,46.7,28.1,0.0,0.7,9.1,2.5
Whitefly,2001,15,,38.1,20.1,52.6,26.4,0.0,0,4,3.5
Whitefly,2001,16,,30.5,16.3,74.7,49.3,14.4,0.4,6.2,3.1
Whitefly,2001,17,,41.3,21.1,36.3,19.4,0.0,0.3,7.5,3.4
Whitefly,2001,18,,42.5,23.0,47.1,19.1,0.0,0.1,6.7,3.2
Whitefly,2001,19,,44.4,26.8,52.6,23.1,0.0,0.8,3,4.1
Whitefly,2001,20,,39.4,24.8,57.1,37.3,0.0,0.8,3,3.4
Whitefly,2001,21,,38.0,24.7,52.7,39.9,111.4,0.3,7.4,3.5
Whitefly,2001,22,,38.8,26.3,59.3,38.3,38.0,0.5,3.4,3.5
Whitefly,2001,23,,35.9,24.8,61.9,41.7,13.4,0.4,3.9,3.2
Whitefly,2001,24,,37.1,26.7,71.9,57.7,70.0,0.1,6.1,3.3
Whitefly,2001,25,,35.6,27.5,70.0,53.6,0.0,0.1,6.3,2.7
Whitefly,2001,26,,37.4,26.2,77.1,50.7,1.6,0,4.6,2.8
Whitefly,2001,27,,36.1,28.6,80.1,54.6,29.2,0.1,5.2,3.4
Whitefly,2001,28,,35.7,28.1,81.7,61.9,0.0,0,5.9,3.4
Whitefly,2001,29,1.8,35.2,27.2,76.4,60.3,62.4,0.1,4.7,3.7
Whitefly,2001,30,1.7,35.6,27.1,80.0,59.0,33.6,0,5.7,3.7
Whitefly,2001,31,3.6,35.8,27.2,75.9,54.6,0.0,0,5.3,3.1
Whitefly,2001,32,4.1,34.5,26.2,81.6,65.6,2.2,0,4.3,3.5
Whitefly,2001,33,5,35.1,26.6,79.1,64.3,0.0,0,5.7,3.5
Whitefly,2001,34,8.45,35.8,26.0,68.4,55.7,0.0,0,7.5,3.7
Whitefly,2001,35,9.8,36.1,25.8,62.9,49.1,0.0,0.1,5.2,3
Whitefly,2001,36,12.45,36.2,25.9,64.6,49.9,0.0,0.1,4.6,3.4
Whitefly,2001,37,18.85,35.0,24.2,62.3,49.9,0.0,0.1,3,3.4
Whitefly,2001,38,21.95,36.6,22.3,60.6,38.1,0.0,0,6.3,3.5
Whitefly,2001,39,18.8,37.5,21.1,60.0,35.4,0.0,0,5.7,3.4
Whitefly,2001,40,23.35,33.9,23.0,71.3,49.3,8.0,0.1,6.3,3.2
Whitefly,2001,41,21.75,35.9,20.0,61.6,33.7,0.0,0,7.6,3
Whitefly,2001,42,3,34.0,15.4,54.1,27.4,0.0,0,6.9,2
Whitefly,2001,43,,35.6,17.6,66.1,33.7,0.0,1.8,3.6,2.1
Whitefly,2001,44,,35.0,18.4,61.6,31.3,0.0,1.9,2.7,2.2
Whitefly,2001,45,,29.7,11.8,66.6,30.6,0.0,2.1,4.2,2.2
Whitefly,2001,46,,30.6,11.1,59.0,17.6,0.0,3.4,4.9,2.2
Whitefly,2001,47,,29.1,9.6,72.1,17.6,0.0,2.3,6.4,2.2
Whitefly,2001,48,,27.3,8.3,70.9,21.6,0.0,2.8,3.7,1.9
Whitefly,2001,49,,26.8,8.9,62.7,16.1,0.0,3,5.2,1.9
Whitefly,2001,50,,24.1,9.2,77.1,25.7,0.0,2.6,5.2,2
Whitefly,2001,51,,21.3,6.1,70.4,21.0,0.0,2.3,7.4,1.9
Whitefly,2001,52,,19.7,5.8,93.8,32.9,0.0,2.5,4.2,1.7
Whitefly,2002,1,,18.4,4.2,92.0,47.9,0.0,1.5,4.9,1.4
Whitefly,2002,2,,21.7,6.9,86.6,35.7,0.0,1.9,7.2,1.6
Whitefly,2002,3,,19.0,6.7,77.1,44.3,0.0,2,4,1.9
Whitefly,2002,4,,19.8,4.5,77.7,25.9,0.0,2.3,7,1.9
Whitefly,2002,5,,21.5,3.7,63.4,28.6,0.0,2,8,2.2
Whitefly,2002,6,,20.1,4.7,84.1,74.9,0.0,1.8,7.2,3.7
Whitefly,2002,7,,21.4,7.5,81.7,48.9,4.8,1.8,6.5,2.1
Whitefly,2002,8,,26.1,12.5,74.3,35.9,10.4,1.9,6.9,3.3
Whitefly,2002,9,,23.1,10.7,84.3,49.0,1.5,2.1,5.8,3.8
Whitefly,2002,10,,27.2,11.4,67.7,37.6,67.0,3.4,8.4,3.7
Whitefly,2002,11,,29.7,12.3,55.3,31.3,9.6,2.3,6.8,3.7
Whitefly,2002,12,,33.1,17.3,60.7,44.3,0.0,2.8,7.9,3.2
Whitefly,2002,13,,34.2,16.9,53.6,24.7,0.0,3,9.3,3.3
Whitefly,2002,14,,36.1,18.4,56.7,22.7,12.4,2.6,4.9,5.8
Whitefly,2002,15,,37.7,19.6,43.0,28.6,0.0,2.3,7.7,5.8
Whitefly,2002,16,,40.3,23.6,43.9,26.7,0.0,2.5,6.2,5.8
Whitefly,2002,17,,41.0,22.9,43.7,20.7,0.0,2.4,4.6,5.2
Whitefly,2002,18,,40.9,25.0,44.3,20.1,0.0,2.3,2.5,3.4
Whitefly,2002,19,,43.9,27.0,40.9,16.7,0.0,2.5,5.4,4.2
Whitefly,2002,20,,44.5,28.8,29.7,21.4,0.0,1.4,3,4.1
Whitefly,2002,21,,43.9,26.1,43.4,21.1,0.0,1.3,6.2,4.1
Whitefly,2002,22,,35.7,23.5,71.1,44.9,0.0,1.8,0.9,3.6
Whitefly,2002,23,,40.2,29.0,52.1,34.7,10.4,1.1,2.4,3.6
Whitefly,2002,24,,42.8,29.0,46.9,33.9,0.0,1.4,1.9,3.9
Whitefly,2002,25,,39.5,27.3,52.9,40.0,67.0,1.6,6.1,3.6
Whitefly,2002,26,,42.5,29.3,44.1,32.4,0.0,1.3,2.2,3.7
Whitefly,2002,27,0.04,39.8,28.9,61.9,40.0,5.8,1.5,2,3.8
Whitefly,2002,28,0.08,39.9,29.5,56.6,36.4,0.0,0.9,2.7,3.7
Whitefly,2002,29,0.52,40.3,30.1,54.6,40.0,0.0,0.9,4.2,3.8
Whitefly,2002,30,0.44,37.5,29.3,60.4,43.6,0.0,1.4,1.5,3.4
Whitefly,2002,31,0.92,37.1,29.0,64.3,41.7,10.2,0.8,4.2,3.3
Whitefly,2002,32,1.24,37.8,29.4,71.4,48.7,0.0,0.7,4,3.2
Whitefly,2002,33,2.68,36.6,28.1,71.9,49.0,0.0,0.8,1.9,3.3
Whitefly,2002,34,2.44,37.2,27.9,69.4,49.9,0.0,0.6,5.5,3.2
Whitefly,2002,35,3.28,35.9,26.9,65.1,48.0,0.0,0.7,6.3,3.2
Whitefly,2002,36,2.4,33.0,23.1,77.4,59.0,4.2,0.6,7.7,3.1
Whitefly,2002,37,3.2,33.0,23.5,77.4,61.0,0.0,0.8,5.8,2.9
Whitefly,2002,38,3.04,34.4,23.5,65.6,52.4,0.0,0.6,6.7,2.4
Whitefly,2002,39,7.56,35.9,22.0,60.0,39.9,0.0,1.3,7.8,2.4
Whitefly,2002,40,4.2,37.3,19.9,58.9,17.7,0.0,0.7,5.9,2.1
Whitefly,2002,41,5.72,36.2,21.0,64.4,33.6,0.0,0.8,3.5,2
Whitefly,2002,42,2.88,33.3,19.8,73.9,33.4,0.0,0.7,3.6,2
Whitefly,2002,43,2.4,31.2,16.1,93.6,29.1,0.0,0,7.2,2
Whitefly,2002,44,,32.5,16.5,96.1,27.7,0.0,2.4,5.9,2
Whitefly,2002,45,,28.8,14.5,97.0,38.6,0.0,2.3,4.2,2
Whitefly,2002,46,,28.3,12.2,97.3,38.6,0.0,2.5,6.9,1.7
Whitefly,2002,47,,28.3,10.1,91.7,21.1,0.0,1.4,6.4,1.8
Whitefly,2002,48,,26.3,6.5,85.1,21.6,0.0,1.3,5.2,1.7
Whitefly,2002,49,,24.9,6.9,64.6,18.1,0.0,1.8,5.3,1.7
Whitefly,2002,50,,24.8,6.8,66.1,21.4,0.0,1.1,5.8,1.8
Whitefly,2002,51,,26.1,5.2,80.1,28.7,0.0,1.4,5.2,1.8
Whitefly,2002,52,,20.1,4.8,82.3,42.9,1.2,1.6,4.2,1.7
